0,1,2,3,4,5,6,7,8,9,10,11,12,13,14,15,16,17,18,19,20,21,22,23,24,25,26,27,28,29,30,31,32,33,34,35,36,37,38,39,40,41,42,43,44,45,46,47,48,49,50,51,52,53,54,55,56,57,58,59,60,61,62,63,64,65,66,67,68,69,70,71,72,73,74,75,76,77,78,79,80,81,82,83,84,85,86,87,88,89,90,91,92,93,94,95,96,97,98,99,100,101,102,103,104,105,106,107,108,109,110,111,112,113,114,115,116,117,118,119,120,121,122,123,124,125,126,127,128,129,130,131,132,133,134,135,136,137,138,139,140,141,142,143,144,145,146,147,148,149,150,151,152,153,154,155,156,157,158,159,160,161,162,163,164,165,166,167,168,169,170,171,172,173,174,175,176,177,178,179,180,181,182,183,184,185,186,187,188,189,190,191,192,193,194,195,196,197,198,199,200
1,19,0,0,4,0,2,1,0,0,2,0,1,1,1,1,1,0,0,0,3,0,1,0,2,0,1,0,0,0,1,0,1,0,1,0,1,1,0,0,1,0,0,1,0,0,1,1,1,2,0,0,0,2,1,0,0,1,1,1,0,1,0,0,3,1,1,0,0,0,0,0,0,0,0,0,0,2,0,0,0,0,0,0,0,0,0,0,0,1,0,2,0,0,0,0,1,0,0,0,0,1,2,0,1,0,1,1,1,0,0,0,0,0,0,2,1,0,1,2,0,0,1,0,1,1,0,2,0,1,0,0,0,1,0,0,1,1,1,1,1,0,0,1,0,0,0,0,0,0,1,0,0,0,0,1,0,0,0,0,0,1,1,1,2,1,2,1,1,0,0,1,0,1,0,0,0,0,0,0,1,0,0,0,0,0,0,2,2,1,0,0,2,0,0,1,2,0,2,0,0
2,0,25,0,0,2,0,0,3,1,0,1,1,0,0,1,0,0,2,1,0,1,2,2,1,1,0,1,0,2,2,0,0,1,0,0,0,2,1,0,1,1,0,2,0,0,1,0,0,2,0,0,1,1,1,1,1,0,0,0,2,1,0,1,1,0,1,0,1,0,1,1,2,1,1,0,1,1,1,0,0,1,1,2,1,0,1,0,0,1,0,0,0,0,1,1,0,2,0,1,0,0,2,0,0,1,1,2,2,0,1,1,0,1,0,1,3,1,1,0,0,0,0,2,1,0,1,1,1,1,0,0,0,0,2,2,1,1,1,1,1,0,2,3,2,0,1,1,1,2,1,0,0,1,2,1,2,1,2,1,0,0,0,0,0,0,0,0,0,0,0,0,0,1,0,0,1,1,0,1,2,0,0,0,0,1,0,1,0,0,0,1,1,0,0,0,0,2,1,1,1
3,0,0,22,1,0,0,1,0,0,2,1,1,3,0,0,3,0,0,0,0,1,1,1,0,0,1,2,1,0,1,0,0,1,3,0,1,1,3,0,0,1,0,2,0,0,0,0,0,0,1,0,1,0,0,1,1,2,0,0,1,0,2,0,1,0,0,0,1,1,1,0,0,0,1,0,0,1,1,1,1,2,3,0,1,0,0,0,1,0,0,1,2,1,0,1,1,0,1,2,2,1,1,0,1,1,0,0,1,2,1,0,0,0,1,1,1,1,0,1,0,1,0,2,2,0,1,0,1,0,1,1,0,0,1,0,0,0,1,0,1,1,0,0,1,0,1,1,0,1,0,1,0,1,1,1,0,1,1,0,1,0,0,1,0,0,0,2,2,1,1,0,0,0,2,0,2,2,0,0,1,2,0,1,4,0,0,2,2,0,1,3,1,0,1,0,0,1,1,0,0
4,4,0,1,22,0,0,3,0,0,0,0,1,2,0,2,1,0,0,1,1,3,2,1,2,0,1,1,0,1,1,0,0,2,0,0,1,0,0,0,1,1,1,1,1,2,1,2,0,0,1,1,1,1,1,0,1,1,2,0,0,1,1,0,3,2,1,0,0,0,0,0,0,1,0,0,0,1,0,0,1,1,0,0,1,0,0,1,1,0,1,1,1,1,1,0,1,0,2,1,2,0,1,0,1,1,1,1,2,1,1,0,0,0,0,2,0,0,0,2,1,0,0,0,1,1,0,1,0,1,0,1,0,2,0,1,2,2,0,1,0,1,1,1,1,0,1,0,0,0,1,1,0,0,0,0,1,1,1,0,0,2,1,0,2,2,2,1,1,1,0,0,0,1,0,1,0,0,0,2,0,0,1,0,1,0,0,2,0,0,2,1,0,0,0,0,1,1,3,0,1
5,0,2,0,0,29,1,0,0,3,0,0,0,3,0,1,1,0,1,0,2,0,2,0,0,1,3,4,0,1,2,1,0,0,1,2,1,2,0,1,0,2,4,1,0,1,0,1,0,1,2,0,1,0,0,1,1,1,1,2,2,1,2,1,0,1,0,0,1,1,1,0,3,0,2,0,1,0,1,0,1,0,2,2,1,2,0,0,0,0,1,0,0,0,0,1,1,0,0,0,1,3,0,0,1,0,1,4,0,1,2,1,2,1,1,1,0,1,0,2,0,0,0,3,0,0,3,3,2,1,1,1,0,2,0,0,1,1,0,0,2,0,0,2,0,0,1,1,0,2,0,1,0,3,0,1,0,1,0,0,0,1,1,0,0,3,1,0,1,1,0,1,0,1,0,0,0,0,1,5,2,1,0,0,2,5,0,0,1,1,2,0,0,0,0,1,0,1,1,1,0
6,2,0,0,0,1,20,0,0,0,0,0,0,1,0,0,1,0,0,0,1,0,0,1,3,0,0,1,1,1,1,1,1,1,0,1,0,0,0,0,0,1,0,1,1,2,0,1,1,0,0,1,1,1,0,0,1,1,0,0,0,1,0,1,0,1,0,1,0,0,1,0,0,0,2,0,1,0,0,0,0,1,1,2,0,0,1,0,1,0,1,1,0,0,3,0,0,2,0,0,0,1,3,1,2,2,0,2,2,0,0,0,0,0,0,1,1,0,1,1,1,1,1,2,0,0,2,0,0,1,1,0,0,0,0,0,2,0,0,2,2,0,0,0,1,1,0,0,0,2,1,2,0,0,1,0,1,0,0,0,1,0,1,0,0,0,0,1,3,0,0,1,0,0,1,1,1,0,2,1,0,1,0,0,0,0,1,1,1,2,0,1,0,1,0,0,0,2,1,0,0
7,1,0,1,3,0,0,30,1,0,0,0,0,0,1,1,2,4,0,1,0,0,0,3,1,0,2,2,1,0,1,1,0,1,1,1,0,1,1,0,1,0,0,0,0,3,2,4,0,0,1,0,1,0,1,1,0,1,0,0,1,1,0,2,0,0,1,2,0,1,1,0,0,0,1,1,0,0,0,0,0,1,0,1,1,1,0,0,1,0,2,1,1,0,0,1,1,0,0,3,2,1,1,0,1,1,0,2,0,1,2,1,1,3,0,1,0,0,2,2,2,2,1,1,0,1,1,1,0,2,0,1,2,3,0,2,3,2,0,3,1,1,1,0,1,0,1,3,2,0,0,3,2,1,2,1,0,1,1,0,0,1,0,0,1,0,1,2,1,0,2,0,2,0,1,1,1,1,0,2,0,0,0,0,2,1,1,1,1,0,3,0,1,0,1,0,0,3,2,1,0
8,0,3,0,0,0,0,1,20,1,0,2,0,0,1,0,0,0,1,2,0,2,0,0,0,1,0,1,2,0,1,0,1,0,0,0,0,0,1,0,1,0,0,0,0,2,0,0,0,1,0,1,0,0,0,0,2,0,0,0,2,1,0,0,0,1,1,0,3,1,0,1,0,1,2,0,0,1,0,2,0,1,0,1,0,1,1,0,0,1,1,1,0,0,0,1,0,0,0,0,0,3,1,1,0,1,1,2,0,0,0,1,0,0,0,0,0,0,0,0,1,1,1,0,1,0,1,2,0,0,0,0,0,0,1,1,0,1,0,0,0,1,2,1,1,0,0,1,0,1,0,1,0,1,2,0,1,1,2,0,1,0,0,0,0,0,1,1,2,0,0,0,1,0,0,0,2,1,0,1,1,1,0,0,0,1,0,0,1,0,0,0,1,0,0,1,0,3,0,0,0
9,0,1,0,0,3,0,0,1,25,2,0,0,0,0,0,0,1,0,2,0,0,1,0,1,2,1,2,1,0,0,0,1,0,0,0,0,2,0,1,0,0,1,1,1,0,1,0,1,1,1,1,0,1,1,1,0,0,0,1,0,1,0,0,0,0,2,0,1,1,1,0,2,1,0,0,1,0,2,0,0,0,0,1,0,1,1,0,0,1,0,0,1,0,0,2,0,0,0,0,1,0,1,1,1,0,2,0,0,0,1,0,1,0,0,1,0,1,0,0,1,0,0,2,0,1,0,0,2,0,0,1,0,1,0,0,1,0,0,2,0,2,0,0,0,0,2,0,0,1,3,0,1,0,0,0,0,0,0,0,0,0,0,2,1,1,0,1,1,2,0,1,1,1,1,1,0,0,2,2,1,1,0,0,1,1,1,1,1,0,0,0,0,0,0,0,1,4,0,0,0
10,2,0,2,0,0,0,0,0,2,22,1,1,2,0,1,0,1,0,0,2,2,2,1,0,1,1,1,0,0,1,0,1,1,1,1,1,3,0,2,1,0,0,0,0,0,1,0,0,2,0,0,0,3,0,1,1,0,1,1,0,1,0,0,2,1,0,1,1,2,1,0,1,0,0,0,1,1,1,0,0,0,1,0,2,1,1,0,1,0,0,1,1,0,0,1,0,1,1,0,0,1,1,0,0,1,0,0,3,1,0,0,0,0,0,2,0,0,0,1,0,1,0,2,0,0,0,1,0,0,2,0,1,0,0,0,0,2,0,0,1,1,1,0,0,0,2,1,0,1,0,1,1,1,0,1,0,0,0,0,0,0,1,1,0,0,1,1,0,1,0,0,0,0,0,2,0,1,3,0,0,1,0,2,1,1,1,1,1,0,0,1,0,0,1,0,1,1,1,0,0
11,0,1,1,0,0,0,0,2,0,1,25,0,1,0,0,1,0,0,0,1,2,0,1,1,0,0,1,2,1,0,0,2,0,0,0,2,2,0,1,1,0,0,0,2,0,1,0,0,3,0,1,0,0,3,2,0,0,0,0,1,1,1,0,1,1,2,0,1,0,1,1,4,0,0,0,3,2,0,1,3,1,1,1,1,0,2,0,0,0,1,0,1,1,0,0,0,1,0,1,2,2,2,1,0,1,0,1,1,1,0,0,1,1,0,0,0,1,2,2,0,0,0,2,0,2,0,0,1,3,1,0,0,0,1,1,2,1,1,1,1,1,0,1,0,0,2,0,0,1,2,0,0,2,1,0,0,0,2,1,0,2,1,1,0,1,0,0,1,0,0,0,1,1,0,0,0,1,1,0,0,0,0,2,2,0,0,0,1,1,0,1,1,1,1,0,1,1,2,0,0
12,1,1,1,1,0,0,0,0,0,1,0,31,2,0,2,2,2,0,2,1,0,0,0,0,3,2,4,1,1,2,1,0,0,0,0,1,0,0,0,3,0,0,1,1,1,1,0,0,2,3,1,2,0,0,0,3,3,2,0,1,0,1,2,1,0,1,1,1,0,1,0,1,0,0,1,0,1,2,0,0,0,3,2,1,3,2,0,0,0,2,1,2,0,2,1,1,2,1,2,2,0,3,0,1,0,1,0,1,1,1,0,3,1,1,0,1,1,0,0,2,0,0,1,0,0,1,0,0,0,4,0,0,1,1,0,2,0,0,3,0,0,2,1,2,3,4,0,0,1,3,1,0,0,1,1,2,2,3,2,1,1,0,0,0,0,0,3,2,0,1,0,0,0,0,1,0,0,1,0,0,1,0,0,0,2,1,1,1,0,0,2,2,0,0,0,1,1,1,1,1
13,1,0,3,2,3,1,0,0,0,2,1,2,35,1,1,2,2,1,2,0,1,1,2,2,0,0,0,2,1,1,0,1,1,0,1,3,2,0,2,0,1,0,1,1,0,2,1,0,1,1,0,2,0,2,0,1,1,1,0,0,1,2,0,3,1,0,1,1,0,0,2,2,2,1,0,0,0,0,0,0,1,1,2,2,2,0,1,1,3,2,0,1,1,1,1,1,0,1,2,3,0,1,0,1,1,0,2,1,0,1,1,1,0,2,1,0,1,0,2,2,2,3,0,0,0,0,0,0,1,0,1,2,2,2,0,0,2,0,0,1,0,0,0,0,1,3,1,1,0,0,1,1,2,1,3,0,0,0,1,1,1,0,3,1,2,0,1,0,3,0,0,2,3,0,3,1,1,0,2,2,4,1,0,3,2,1,3,0,0,1,0,0,0,0,1,3,2,4,0,1
14,1,0,0,0,0,0,1,1,0,0,0,0,1,30,0,0,2,2,0,0,1,4,3,0,1,3,1,1,0,1,0,0,1,0,1,0,1,1,1,0,0,1,0,0,2,0,0,0,0,1,1,0,0,3,1,1,1,2,2,1,1,1,0,0,1,0,0,1,2,1,0,0,0,2,1,1,1,0,0,2,1,0,1,1,1,0,1,1,2,0,0,0,1,1,0,0,1,0,1,2,1,1,0,0,0,1,2,1,0,1,2,1,3,0,0,0,0,0,2,1,3,0,0,0,1,1,1,1,1,1,0,0,0,0,0,0,1,2,1,2,0,1,1,0,2,0,1,0,0,0,2,1,3,0,2,0,0,1,2,0,0,2,0,1,2,1,1,2,1,2,0,0,2,0,2,1,1,1,1,2,0,0,1,0,1,1,1,0,0,2,0,1,0,2,0,3,3,1,0,1
15,1,1,0,2,1,0,1,0,0,1,0,2,1,0,28,2,3,1,0,1,0,1,2,0,0,2,1,1,1,0,0,0,0,2,1,0,1,0,0,1,0,2,1,0,1,0,1,0,1,2,0,1,0,0,0,2,1,3,0,2,0,1,0,1,2,2,0,0,1,1,0,0,1,1,2,0,1,1,0,3,1,1,0,1,0,0,0,1,1,1,0,1,2,1,0,1,2,1,1,1,1,1,0,0,2,2,1,0,0,0,1,1,0,0,1,0,1,1,0,1,0,1,0,0,2,0,1,2,1,1,0,1,4,0,2,1,1,2,0,0,0,0,0,1,0,0,0,1,1,0,1,1,1,0,0,0,1,2,1,1,3,2,0,0,0,1,1,2,1,1,1,0,0,0,0,1,0,0,2,0,0,0,1,3,0,0,0,0,0,0,0,1,1,0,0,3,0,6,2,0
16,1,0,3,1,1,1,2,0,0,0,1,2,2,0,2,27,1,2,0,2,1,0,0,0,1,2,2,1,0,1,0,0,0,2,0,1,0,1,1,1,1,0,0,0,1,1,0,4,0,1,1,0,0,0,0,1,3,0,1,1,0,1,0,3,0,0,0,0,0,1,0,0,1,1,0,0,0,0,2,1,2,2,1,0,0,1,0,2,0,0,0,1,2,1,0,0,1,1,1,2,1,0,2,2,1,1,1,0,1,0,0,0,1,0,0,0,0,0,1,1,0,0,1,0,0,0,0,1,1,1,0,1,1,0,2,1,1,2,1,0,0,0,0,0,1,2,0,0,0,0,0,0,0,0,0,1,1,3,0,2,1,1,0,0,1,0,1,2,0,2,1,2,1,0,1,1,0,0,0,0,1,0,0,3,0,0,2,0,1,1,0,1,1,0,0,0,2,2,1,2
17,0,0,0,0,0,0,4,0,1,1,0,2,2,2,3,1,32,1,0,1,1,0,1,3,1,1,3,1,0,0,1,2,1,3,1,0,2,1,1,1,0,1,0,0,0,1,2,0,1,1,1,2,1,0,1,3,0,3,1,0,0,1,0,3,0,1,0,1,1,0,1,0,0,0,0,1,0,2,1,2,0,0,1,0,2,0,2,0,0,1,0,0,4,2,0,1,0,1,0,0,0,3,2,1,2,3,2,1,0,0,1,2,0,0,0,1,0,1,1,0,1,1,0,0,0,3,2,1,0,1,2,0,1,0,0,0,2,0,0,0,0,2,2,1,2,1,2,0,0,2,1,0,0,0,0,0,2,1,2,2,2,1,0,2,1,0,3,1,0,0,0,1,2,1,0,2,0,0,0,1,1,0,1,2,1,0,1,2,3,4,1,0,1,0,1,1,0,0,0,0
18,0,2,0,0,1,0,0,1,0,0,0,0,1,2,1,2,1,22,1,2,1,1,2,0,0,0,2,0,3,1,0,1,0,1,1,1,0,0,0,0,0,0,2,3,1,0,3,0,0,1,0,0,2,2,1,1,2,1,0,0,0,0,1,1,0,0,1,1,1,0,0,1,1,3,0,0,1,0,0,1,1,1,2,1,0,1,0,1,0,0,0,0,1,0,0,0,1,0,1,1,0,1,0,0,2,1,1,1,1,0,0,0,1,0,0,0,0,0,1,2,0,0,0,0,0,0,0,2,0,0,0,0,2,1,1,2,2,1,0,0,1,2,1,0,0,0,0,0,0,1,1,0,1,1,0,1,1,0,1,2,0,2,0,0,0,1,1,0,0,0,0,0,0,0,1,0,0,0,0,2,0,0,0,0,0,0,1,0,0,0,1,0,2,0,1,1,0,1,1,1
19,0,1,0,1,0,0,1,2,2,0,0,2,2,0,0,0,0,1,25,0,0,0,2,1,1,1,1,0,0,0,0,0,1,1,0,0,1,0,0,0,1,1,0,1,0,0,1,1,0,0,2,0,1,1,0,1,1,0,1,1,1,1,1,1,0,0,1,0,1,0,0,1,0,0,0,0,0,2,3,1,0,2,1,0,2,1,0,1,4,3,0,0,2,2,0,0,0,1,1,2,0,0,0,0,1,1,0,2,1,1,0,0,0,0,1,0,1,0,0,3,1,1,2,1,2,0,1,1,0,1,0,1,0,0,0,0,0,0,1,1,2,0,1,2,0,0,0,0,1,0,2,1,1,1,2,0,1,1,1,1,1,0,1,1,2,0,0,1,1,2,0,1,0,0,0,0,0,0,0,1,1,0,0,0,1,1,0,0,1,0,0,1,0,0,2,1,1,0,1,0
20,3,0,0,1,2,1,0,0,0,2,1,1,0,0,1,2,1,2,0,30,0,1,0,0,1,0,0,1,0,1,1,0,0,0,1,3,2,1,0,1,1,1,0,1,1,2,0,1,2,3,1,1,2,1,0,1,2,1,1,1,0,3,0,0,1,0,0,0,0,0,0,1,0,1,2,1,1,0,1,0,2,1,2,1,1,0,0,1,0,1,0,0,1,0,0,1,2,0,0,1,1,0,1,0,0,0,4,2,2,0,2,1,0,2,2,2,0,1,0,3,0,0,1,0,0,0,1,0,2,1,0,1,1,1,1,1,0,0,0,0,2,1,0,0,2,0,0,0,1,2,1,0,1,1,1,0,0,0,1,0,2,2,0,0,2,3,2,1,0,0,1,1,1,0,1,0,0,1,0,0,0,1,0,2,0,0,2,2,1,1,0,0,0,1,1,0,3,2,1,2
21,0,1,1,3,0,0,0,2,0,2,2,0,1,1,0,1,1,1,0,0,27,0,2,0,1,0,1,0,0,2,2,0,0,0,0,1,1,0,2,1,1,1,0,1,2,0,1,0,0,0,2,0,0,0,0,2,0,1,2,3,0,2,1,2,1,0,0,1,1,0,0,0,0,2,1,0,0,1,0,1,1,2,2,2,0,1,1,1,0,0,0,1,1,0,0,0,0,3,0,0,2,0,0,0,3,0,0,6,2,0,2,1,2,0,2,1,1,0,1,0,0,0,2,0,2,0,0,0,1,2,1,0,0,0,1,1,2,0,0,1,0,0,2,1,1,2,0,0,1,1,0,1,0,1,0,0,2,0,1,0,2,0,0,0,2,1,1,1,2,0,0,0,0,0,0,0,0,2,1,0,1,0,1,1,1,1,0,0,1,3,0,3,0,1,0,0,1,0,1,0
22,1,2,1,2,2,0,0,0,1,2,0,0,1,4,1,0,0,1,0,1,0,26,2,0,1,2,0,0,0,0,2,0,2,0,0,2,1,1,1,0,1,1,2,0,0,1,0,1,0,1,0,0,1,1,0,0,0,0,1,0,1,1,0,1,1,0,1,1,1,1,0,1,0,0,0,2,0,0,2,1,1,1,1,1,0,0,0,0,0,0,0,1,0,1,1,1,0,2,1,0,2,3,1,1,0,0,2,3,0,2,1,0,0,0,0,1,0,0,2,0,0,1,0,2,0,1,0,1,3,1,0,0,0,0,0,1,2,0,0,2,1,0,0,1,0,1,1,0,1,1,1,1,1,2,1,2,2,1,3,0,1,0,0,1,1,1,2,1,2,0,1,0,2,0,2,2,0,2,1,0,0,0,1,1,0,1,0,2,0,1,1,0,1,1,0,0,2,1,0,1
23,0,2,1,1,0,1,3,0,0,1,1,0,2,3,2,0,1,2,2,0,2,2,37,0,1,0,0,0,3,0,0,0,0,2,0,0,2,1,0,0,1,1,3,0,1,3,0,0,0,0,0,0,0,3,0,1,0,4,1,1,3,3,1,0,3,1,2,1,0,2,1,1,0,2,0,1,1,1,2,1,0,0,1,3,0,1,0,0,4,2,0,0,1,0,1,0,2,2,2,1,1,0,0,0,3,0,0,2,0,1,2,1,2,1,0,1,1,0,3,2,1,3,1,2,2,2,0,1,2,2,0,0,0,0,0,3,2,1,2,2,2,1,0,2,0,1,2,1,1,1,2,0,2,1,1,0,0,0,1,1,1,1,1,3,1,0,1,2,3,1,1,2,2,1,1,0,2,0,0,1,1,0,1,0,0,0,1,0,2,1,0,2,0,1,2,1,3,3,0,2
24,2,1,0,2,0,3,1,0,1,0,1,0,2,0,0,0,3,0,1,0,0,0,0,24,0,0,0,0,1,0,2,3,1,0,1,0,1,1,0,1,1,0,0,1,2,2,0,1,0,2,1,1,2,0,1,1,0,2,0,0,2,0,1,3,0,1,2,0,0,0,0,2,1,1,0,1,1,0,1,0,2,1,0,0,1,0,1,0,0,0,2,0,0,0,1,1,1,2,0,0,0,1,2,1,0,4,4,1,1,1,2,2,1,1,1,1,1,1,0,0,0,1,2,0,0,3,0,0,0,1,1,0,1,0,0,2,2,0,0,1,1,1,1,1,0,1,2,0,1,0,1,0,0,0,0,0,0,1,0,1,1,1,0,2,1,0,0,0,0,0,0,1,1,0,1,0,0,2,1,0,1,0,0,1,0,0,0,0,0,0,1,0,1,0,1,1,1,0,0,0
25,0,1,0,0,1,0,0,1,2,1,0,3,0,1,0,1,1,0,1,1,1,1,1,0,21,3,0,0,2,0,0,1,0,0,1,1,2,1,1,0,1,0,0,1,0,1,0,1,0,1,2,0,1,0,0,1,2,1,0,1,0,1,0,0,0,3,0,1,1,0,0,0,1,0,0,1,3,1,0,1,1,0,0,0,0,0,1,0,2,0,0,1,0,1,2,0,1,0,0,1,0,1,0,1,2,1,1,0,0,0,1,1,0,2,1,2,0,1,1,0,0,0,1,0,1,1,1,1,0,0,0,2,0,0,0,1,2,1,0,0,0,1,1,0,0,1,1,1,1,1,0,1,0,0,2,0,0,0,0,1,0,0,0,0,1,1,0,0,1,0,0,1,2,0,0,0,1,1,0,0,2,0,1,0,1,0,2,2,0,2,2,1,0,1,0,0,0,2,0,1
26,1,0,1,1,3,0,2,0,1,1,0,2,0,3,2,2,1,0,1,0,0,2,0,0,3,33,3,0,0,1,0,1,0,1,2,2,1,1,0,1,1,0,1,0,0,0,0,1,0,3,1,0,1,1,1,1,2,1,2,1,0,1,2,1,0,0,0,1,1,0,0,1,0,0,2,0,1,0,0,1,2,0,3,2,0,0,0,0,3,1,0,3,1,0,1,0,0,0,0,0,1,4,0,1,3,2,1,1,2,0,1,1,1,1,0,1,0,0,1,2,2,1,0,0,0,2,0,2,0,2,1,2,2,0,0,0,4,1,2,0,1,2,2,1,0,0,1,0,0,0,0,1,1,0,2,0,1,1,0,0,3,0,0,0,1,0,0,1,2,2,0,3,3,0,1,1,1,1,1,1,0,0,2,0,0,0,1,1,0,1,1,1,1,1,2,3,2,3,0,1
27,0,1,2,1,4,1,2,1,2,1,1,4,0,1,1,2,3,2,1,0,1,0,0,0,0,3,33,1,3,0,2,0,0,1,0,0,2,0,1,1,1,1,3,2,1,3,2,1,0,0,0,0,0,1,0,2,2,1,0,7,0,1,0,0,2,0,1,1,0,0,1,2,0,3,2,0,0,1,0,0,1,1,1,4,1,0,2,0,0,3,0,1,0,1,0,0,0,0,2,1,1,2,1,2,0,1,2,0,1,0,2,1,0,0,0,0,1,1,1,2,1,0,2,0,0,3,1,1,1,0,0,3,1,0,0,0,0,1,1,1,0,1,1,1,0,0,1,0,0,4,1,0,0,0,1,2,2,4,0,0,1,3,1,1,0,0,0,1,1,1,1,1,0,1,0,1,0,2,2,0,0,2,0,2,1,1,0,1,0,3,1,1,1,1,1,0,1,1,0,1
28,0,0,1,0,0,1,1,2,1,0,2,1,2,1,1,1,1,0,0,1,0,0,0,0,0,0,1,31,0,0,1,0,1,2,0,0,1,3,0,2,0,1,1,1,2,0,3,1,0,0,0,2,3,0,2,0,1,1,0,3,1,0,0,1,0,1,0,0,0,1,2,1,0,1,1,0,0,0,0,1,3,1,2,1,1,0,1,1,0,0,0,0,1,1,3,1,1,1,1,0,1,1,0,2,2,0,3,1,0,1,3,0,0,2,1,0,0,0,0,1,0,0,1,1,1,4,1,0,1,2,0,0,1,0,0,0,3,2,2,1,2,1,0,1,2,0,1,0,0,3,1,0,0,0,0,1,3,2,0,1,2,1,0,1,0,0,1,2,0,2,2,0,1,2,1,1,1,0,0,0,3,1,0,2,1,2,1,1,1,1,2,0,2,0,0,1,0,1,1,1
29,0,2,0,1,1,1,0,0,0,0,1,1,1,0,1,0,0,3,0,0,0,0,3,1,2,0,3,0,29,0,0,1,0,1,1,1,1,2,0,1,0,0,2,2,0,1,3,0,1,0,0,1,0,0,0,3,0,0,1,3,1,0,1,3,0,3,0,2,0,0,0,1,0,0,2,2,0,0,1,2,0,0,2,1,2,2,0,0,2,0,1,2,0,0,0,1,2,0,0,1,1,0,0,0,0,0,2,0,0,0,0,0,1,0,0,1,3,1,1,1,1,0,1,1,0,0,1,2,0,0,2,2,3,0,0,0,0,0,2,0,1,1,1,2,0,1,1,3,0,1,3,0,1,1,1,2,1,1,1,0,0,0,1,0,0,1,0,1,0,0,3,0,1,0,0,0,0,2,1,0,1,1,1,0,0,1,1,2,1,0,1,0,1,0,0,0,0,2,0,1
30,1,2,1,1,2,1,1,1,0,1,0,2,1,1,0,1,0,1,0,1,2,0,0,0,0,1,0,0,0,19,0,0,0,0,1,0,1,0,0,1,1,0,0,0,1,0,1,0,0,1,0,0,1,2,0,1,0,0,0,1,0,0,1,1,0,0,1,1,1,1,0,1,2,1,1,0,0,2,1,3,1,1,0,0,0,0,0,1,0,2,0,1,0,0,1,1,0,1,0,0,0,1,1,1,0,0,1,1,2,1,1,1,3,0,0,0,1,0,2,0,0,0,1,2,0,0,1,0,0,0,0,0,1,0,1,1,0,0,1,1,0,0,0,1,0,1,1,0,1,0,0,1,2,0,0,3,1,1,0,0,0,1,0,0,1,0,0,0,1,0,1,0,0,1,0,0,0,0,1,1,2,1,0,1,1,0,0,1,0,1,0,1,0,0,0,1,0,2,0,1
31,0,0,0,0,1,1,1,0,0,0,0,1,0,0,0,0,1,0,0,1,2,2,0,2,0,0,2,1,0,0,18,2,0,0,0,1,1,1,2,1,0,0,0,1,2,0,0,1,0,0,0,0,0,0,0,0,1,0,1,1,1,0,0,1,0,1,0,1,1,0,0,0,0,1,0,0,0,1,1,0,0,3,0,0,0,1,0,0,0,1,0,1,0,0,1,0,1,0,1,0,3,2,1,1,0,1,1,0,1,0,0,2,1,1,0,1,1,0,1,0,0,0,0,0,1,0,0,1,1,1,0,1,1,0,1,0,0,0,0,0,2,0,0,1,0,0,1,1,2,1,1,0,0,2,0,0,2,3,2,1,2,1,0,1,1,1,1,1,0,1,1,1,1,0,1,1,1,2,0,0,0,0,0,1,1,1,0,1,0,1,0,0,1,2,0,0,1,0,0,0
32,1,0,0,0,0,1,0,1,1,1,2,0,1,0,0,0,2,1,0,0,0,0,0,3,1,1,0,0,1,0,2,23,2,0,0,1,0,0,3,0,0,1,0,1,2,2,0,1,1,1,2,0,1,1,2,0,0,1,0,1,1,0,0,2,0,1,0,0,0,0,0,0,1,0,1,1,0,0,0,0,1,0,0,1,0,0,3,0,1,1,0,1,1,0,3,0,2,0,1,1,2,3,3,3,1,2,3,2,0,0,1,2,1,0,0,1,1,1,1,0,0,0,0,1,0,1,0,1,2,2,0,0,0,1,1,1,0,0,0,1,0,1,0,1,0,2,1,0,0,0,0,0,1,0,2,0,1,0,0,0,2,0,0,1,0,0,0,0,1,0,1,2,1,0,0,1,1,1,1,0,0,0,0,0,1,0,0,2,0,1,2,0,1,0,0,1,1,1,1,0
33,0,1,1,2,0,1,1,0,0,1,0,0,1,1,0,0,1,0,1,0,0,2,0,1,0,0,0,1,0,0,0,2,24,0,0,0,1,1,0,2,2,0,1,1,0,0,1,0,0,1,3,1,0,2,0,1,1,2,1,1,0,0,0,1,4,0,1,0,1,0,1,0,1,0,1,0,2,0,1,0,0,1,1,1,0,1,0,1,2,0,0,2,1,3,0,0,0,0,1,0,0,1,1,0,1,1,2,0,1,0,2,0,0,2,1,0,0,1,0,1,1,1,0,2,1,0,0,1,1,1,1,0,0,0,0,3,2,1,1,2,0,2,1,2,1,0,1,0,0,1,1,0,0,1,0,2,1,1,0,0,0,1,1,1,2,1,0,2,1,1,0,1,1,1,0,1,0,0,2,0,0,0,0,1,2,0,0,0,0,0,2,2,0,1,0,2,0,0,0,1
34,1,0,3,0,1,0,1,0,0,1,0,0,0,0,2,2,3,1,1,0,0,0,2,0,0,1,1,2,1,0,0,0,0,25,1,1,2,1,0,0,2,1,0,0,1,1,1,0,0,0,1,0,0,0,0,0,2,1,1,2,0,1,0,0,1,0,1,1,1,0,0,0,1,2,0,0,0,1,2,1,1,0,0,0,0,1,0,2,1,0,1,2,0,2,0,2,0,0,0,2,0,0,0,0,0,0,1,0,1,1,0,0,1,1,1,2,0,1,2,0,0,0,1,0,0,2,2,2,0,2,0,0,1,0,0,0,0,1,1,0,1,1,0,4,0,1,0,0,0,0,0,1,0,0,0,1,0,0,0,3,2,0,0,0,1,1,1,2,0,0,1,1,0,1,0,0,0,0,0,0,1,2,1,1,0,0,1,0,3,0,2,0,1,0,1,0,1,1,0,0
35,0,0,0,0,2,1,1,0,0,1,0,0,1,1,1,0,1,1,0,1,0,0,0,1,1,2,0,0,1,1,0,0,0,1,15,0,1,0,0,0,0,1,0,0,0,0,0,0,0,1,0,0,1,0,1,0,1,0,0,0,0,1,0,1,1,0,1,0,2,0,1,0,2,0,0,0,1,0,0,0,1,0,2,1,0,0,0,0,0,1,0,0,0,0,3,0,1,1,0,0,0,0,0,0,0,0,0,0,1,0,1,1,3,0,2,0,3,1,1,0,0,0,1,0,0,1,0,0,0,0,0,0,0,0,1,1,0,1,1,0,1,2,0,0,1,0,0,0,0,0,0,1,2,0,0,0,1,0,0,0,0,1,0,0,0,0,0,0,0,0,0,0,0,0,0,0,1,0,2,1,0,0,2,2,0,0,1,1,1,0,1,0,0,1,1,1,0,1,0,0
36,1,0,1,1,1,0,0,0,0,1,2,1,3,0,0,1,0,1,0,3,1,2,0,0,1,2,0,0,1,0,1,1,0,1,0,29,0,0,0,1,0,0,1,1,2,1,1,1,1,0,0,2,0,1,0,0,1,1,0,1,0,1,0,1,1,2,2,1,2,2,1,1,1,2,0,0,1,1,0,0,1,1,0,0,1,0,0,0,1,0,1,2,2,0,1,1,1,1,2,1,0,1,1,1,3,0,0,0,0,0,1,1,0,0,2,1,1,1,2,3,0,0,1,0,0,0,0,0,0,1,2,2,2,1,1,0,2,1,0,1,1,1,0,0,0,3,1,0,0,0,0,0,1,0,3,0,0,0,1,1,1,1,1,1,0,2,0,1,0,1,1,1,0,0,0,0,1,0,1,0,2,2,2,0,1,0,1,0,1,1,1,1,0,0,0,1,0,1,0,1
37,1,2,1,0,2,0,1,0,2,3,2,0,2,1,1,0,2,0,1,2,1,1,2,1,2,1,2,1,1,1,1,0,1,2,1,0,35,2,0,0,0,0,1,0,4,0,1,0,1,1,0,0,3,0,2,0,2,3,3,1,1,0,0,4,1,2,1,2,1,0,1,0,1,1,2,1,2,2,2,3,2,1,1,3,0,0,1,2,2,3,0,2,0,2,0,1,1,0,1,1,2,3,1,1,1,1,2,1,3,0,2,0,0,0,2,0,2,2,1,0,1,0,0,3,1,1,3,2,0,0,0,0,1,1,1,1,0,3,1,0,2,1,1,2,0,2,1,0,2,2,1,0,0,2,3,1,2,2,0,0,1,0,1,0,3,1,0,0,1,2,1,1,1,1,0,1,1,1,1,2,0,0,0,2,1,1,0,6,1,1,0,1,1,0,0,1,0,3,1,0
38,0,1,3,0,0,0,1,1,0,0,0,0,0,1,0,1,1,0,0,1,0,1,1,1,1,1,0,3,2,0,1,0,1,1,0,0,2,25,0,1,0,2,1,1,0,1,0,1,0,2,0,0,0,0,1,0,0,0,2,0,0,0,0,2,2,1,1,1,1,0,1,1,0,0,1,1,1,0,1,1,3,1,0,0,0,0,0,1,0,0,2,3,0,0,2,0,0,1,1,0,0,0,0,2,0,1,2,0,0,0,0,1,1,2,0,1,0,0,0,0,2,0,1,0,2,0,1,1,1,0,1,0,1,0,2,0,1,1,0,0,1,1,0,0,0,0,0,0,1,0,1,0,0,2,0,2,2,1,2,0,1,1,0,1,0,0,0,2,0,1,1,0,0,4,0,3,2,1,2,0,0,1,0,0,1,0,0,3,1,1,1,1,0,0,0,0,0,1,0,0
39,0,0,0,0,1,0,0,0,1,2,1,0,2,1,0,1,1,0,0,0,2,1,0,0,1,0,1,0,0,0,2,3,0,0,0,0,0,0,28,0,1,2,1,1,1,1,0,1,0,1,0,2,0,0,2,0,0,0,2,1,3,0,1,0,2,0,0,0,0,1,0,0,1,2,2,2,1,1,0,0,0,1,0,2,1,0,1,0,0,0,0,0,1,1,1,1,0,0,0,1,1,2,0,0,2,1,2,3,1,0,0,3,1,1,1,1,1,0,0,0,1,0,0,0,1,0,0,2,2,1,1,0,0,1,1,0,1,0,0,2,1,0,0,1,1,1,1,1,0,1,1,1,2,0,0,0,2,1,0,0,2,1,0,1,0,0,0,0,1,0,0,0,0,1,1,2,1,1,1,0,1,0,1,1,1,1,3,2,0,1,1,0,1,1,0,2,2,0,1,0
40,1,1,0,1,0,0,1,1,0,1,1,3,0,0,1,1,1,0,0,1,1,0,0,1,0,1,1,2,1,1,1,0,2,0,0,1,0,1,0,29,1,0,0,0,1,1,2,0,0,0,1,0,1,1,0,2,2,1,0,3,1,0,0,0,1,0,0,2,3,2,1,2,1,1,2,1,1,0,0,0,1,0,0,1,1,1,0,1,0,3,0,0,2,1,0,0,3,1,1,0,1,4,0,3,1,0,0,3,1,0,2,2,1,0,2,1,1,1,3,0,0,0,2,0,0,1,0,1,1,3,1,0,3,0,0,1,0,1,3,1,1,2,0,1,1,1,1,0,0,2,1,0,1,1,1,1,3,3,1,0,0,1,1,0,1,1,1,0,1,1,1,1,1,1,0,1,0,2,2,1,3,0,0,0,1,0,0,3,0,1,0,1,0,2,2,0,0,1,0,0
41,0,1,1,1,2,1,0,0,0,0,0,0,1,0,0,1,0,0,1,1,1,1,1,1,1,1,1,0,0,1,0,0,2,2,0,0,0,0,1,1,29,0,0,1,0,0,0,1,0,0,1,3,0,1,0,1,0,0,0,1,0,1,1,0,1,1,0,0,0,1,0,1,0,1,0,2,0,2,1,2,2,0,2,0,2,1,1,1,1,2,0,0,1,2,0,0,0,4,0,1,1,2,2,1,0,2,0,2,1,1,2,0,2,2,1,2,0,0,0,1,0,0,0,0,1,1,0,3,2,0,1,0,1,0,0,0,1,0,0,0,0,0,0,1,0,0,2,0,1,0,0,1,1,0,2,0,1,2,2,0,0,1,0,1,1,2,0,3,1,1,1,1,0,0,1,2,1,1,1,2,1,0,0,1,0,0,1,0,0,0,2,2,0,1,0,0,2,0,2,2
42,0,0,0,1,4,0,0,0,1,0,0,0,0,1,2,0,1,0,1,1,1,1,1,0,0,0,1,1,0,0,0,1,0,1,1,0,0,2,2,0,0,27,0,0,1,0,0,1,0,0,0,0,0,2,1,0,1,0,1,1,2,0,1,0,0,0,2,1,0,0,0,2,0,0,0,2,0,1,0,1,2,1,1,0,0,0,0,0,0,0,0,2,0,2,1,1,0,1,0,0,2,0,1,1,1,3,0,2,0,0,0,1,1,1,0,0,1,0,1,0,0,1,0,0,1,0,1,1,0,0,3,0,0,1,1,0,0,0,0,1,1,1,1,0,2,2,2,0,1,0,2,0,0,0,1,0,3,0,2,0,0,1,0,1,1,1,0,0,2,1,0,0,0,0,1,1,0,0,1,0,2,0,0,2,1,1,0,0,0,0,0,0,0,1,2,0,0,2,0,0
43,1,2,2,1,1,1,0,0,1,0,0,1,1,0,1,0,0,2,0,0,0,2,3,0,0,1,3,1,2,0,0,0,1,0,0,1,1,1,1,0,0,0,26,1,1,0,0,0,0,1,0,0,0,0,1,1,1,0,0,1,0,1,0,0,1,1,0,1,0,0,2,0,0,0,0,1,0,1,1,0,2,1,1,1,0,0,1,0,2,1,1,0,1,1,0,0,0,0,0,0,1,2,0,1,3,0,1,1,1,0,2,0,0,1,0,1,1,0,0,0,1,0,1,0,0,0,0,1,2,0,1,2,1,1,0,1,3,0,1,1,0,1,2,2,0,1,1,0,0,1,0,0,1,1,1,1,0,0,1,0,1,1,3,0,1,0,0,1,0,1,1,1,1,1,0,2,1,0,0,0,0,0,0,0,0,0,0,0,1,0,3,0,1,2,1,2,2,0,0,2
44,0,0,0,1,0,1,0,0,1,0,2,1,1,0,0,0,0,3,1,1,1,0,0,1,1,0,2,1,2,0,1,1,1,0,0,1,0,1,1,0,1,0,1,30,0,0,2,0,0,2,2,1,4,1,0,0,0,1,1,2,0,0,1,1,0,1,1,0,1,0,0,1,2,1,0,1,0,0,1,0,0,1,2,0,2,1,1,0,0,0,2,3,2,1,1,1,0,0,4,1,0,0,0,0,0,0,0,1,0,0,1,1,2,1,1,3,1,0,1,0,0,1,0,1,0,1,0,1,0,0,2,0,1,1,1,1,0,0,0,0,0,1,1,0,1,1,0,0,0,2,0,0,0,0,0,0,1,1,1,2,2,0,1,0,0,1,0,0,2,1,1,0,0,1,2,1,1,2,1,0,2,0,0,0,0,0,0,1,1,0,2,0,2,1,0,0,1,2,3,0
45,0,0,0,2,1,2,3,2,0,0,0,1,0,2,1,1,0,1,0,1,2,0,1,2,0,0,1,2,0,1,2,2,0,1,0,2,4,0,1,1,0,1,1,0,32,2,2,1,1,0,1,2,1,0,0,0,3,0,0,0,3,1,0,1,2,0,0,0,0,0,0,0,1,4,2,2,0,1,0,1,2,2,0,1,1,0,0,0,2,3,1,0,1,0,1,2,0,1,1,1,2,2,1,2,0,0,1,2,1,0,3,0,1,0,1,0,2,0,1,0,1,0,1,0,0,0,0,1,1,1,1,0,1,1,2,0,0,1,0,1,1,1,1,2,0,1,1,0,1,1,2,1,0,2,1,2,0,1,3,2,2,2,0,0,0,1,0,1,1,4,1,0,0,1,2,0,0,2,2,0,0,1,0,0,1,2,0,1,0,0,1,2,1,0,0,1,1,0,0,2
46,1,1,0,1,0,0,2,0,1,1,1,1,2,0,0,1,1,0,0,2,0,1,3,2,1,0,3,0,1,0,0,2,0,1,0,1,0,1,1,1,0,0,0,0,2,24,0,0,2,1,0,1,2,0,0,0,0,1,0,1,1,0,0,2,0,1,2,1,0,0,0,1,1,1,0,0,1,0,0,0,0,0,0,2,2,0,1,0,1,0,1,2,1,1,0,0,0,1,1,1,1,1,0,1,0,0,0,1,2,0,2,1,0,2,0,0,0,0,1,1,0,0,0,0,0,1,0,1,0,1,0,1,2,0,0,0,1,0,1,3,2,1,1,1,0,2,1,1,0,1,1,1,1,0,2,1,0,1,0,0,0,0,0,2,0,1,1,1,0,0,1,2,0,1,0,0,0,0,1,1,3,0,0,0,1,0,3,1,1,1,2,0,0,0,0,0,0,0,0,1
47,1,0,0,2,1,1,4,0,0,0,0,0,1,0,1,0,2,3,1,0,1,0,0,0,0,0,2,3,3,1,0,0,1,1,0,1,1,0,0,2,0,0,0,2,2,0,24,0,0,1,2,0,2,1,1,0,1,0,0,0,1,1,1,0,0,0,2,0,0,1,2,0,1,1,1,0,0,1,0,0,1,1,1,0,0,1,0,0,0,1,1,0,1,0,1,1,0,1,0,1,1,3,0,1,0,0,2,0,0,0,4,0,0,1,0,1,1,0,1,0,0,0,2,0,0,0,1,1,0,0,1,0,3,0,1,1,0,2,1,3,2,0,1,1,1,1,2,0,3,3,0,0,0,0,1,1,2,0,0,1,1,0,0,0,1,2,3,0,0,1,1,1,0,0,1,0,0,1,2,1,1,0,1,1,1,1,2,1,1,0,0,0,0,1,0,2,0,1,1,0
48,1,0,0,0,0,1,0,0,1,0,0,0,0,0,0,4,0,0,1,1,0,1,0,1,1,1,1,1,0,0,1,1,0,0,0,1,0,1,1,0,1,1,0,0,1,0,0,26,1,1,0,0,0,1,0,0,3,0,1,0,0,4,1,2,0,0,0,1,0,0,0,1,1,0,1,0,1,2,2,0,2,0,0,1,0,0,3,0,0,0,0,1,0,1,2,1,2,1,0,0,0,0,1,3,1,2,0,0,0,1,0,1,0,1,3,0,1,0,1,0,0,0,2,1,1,1,0,2,2,0,0,1,0,0,0,0,0,0,1,1,0,0,1,4,0,1,1,1,0,0,1,0,0,0,2,2,0,0,0,1,0,1,0,1,0,0,0,0,1,1,1,1,1,1,0,1,0,1,0,1,0,0,0,0,0,0,0,1,1,1,0,0,1,0,0,0,1,2,0,0
49,2,2,0,0,1,0,0,1,1,2,3,2,1,0,1,0,1,0,0,2,0,0,0,0,0,0,0,0,1,0,0,1,0,0,0,1,1,0,0,0,0,0,0,0,1,2,0,1,27,0,0,1,2,1,1,0,0,0,0,2,2,0,0,3,0,2,1,0,0,1,0,0,0,0,1,2,0,1,0,2,2,0,0,1,1,1,2,0,1,3,0,2,0,0,1,0,1,1,1,1,3,1,0,1,1,1,2,0,0,0,1,1,0,0,2,0,1,2,0,0,0,1,2,0,1,1,0,1,2,1,0,0,0,3,0,1,1,0,1,1,1,0,0,0,0,1,0,0,1,2,0,2,0,1,1,0,1,0,0,2,2,0,0,1,0,0,0,2,0,0,0,1,0,0,2,0,1,0,2,4,3,1,0,0,0,2,0,2,0,0,0,0,1,0,0,1,0,0,0,0
50,0,0,1,1,2,0,1,0,1,0,0,3,1,1,2,1,1,1,0,3,0,1,0,2,1,3,0,0,0,1,0,1,1,0,1,0,1,2,1,0,0,0,1,2,0,1,1,1,0,32,1,0,0,0,0,2,3,4,0,0,1,0,1,0,1,2,0,1,2,1,1,0,0,0,2,0,0,2,1,0,1,1,1,0,2,2,0,1,1,2,1,0,1,0,1,0,1,1,1,0,0,0,1,1,2,0,1,0,2,0,1,1,1,1,0,1,1,1,0,1,0,2,0,1,0,1,0,0,1,0,0,1,0,2,0,5,0,0,0,0,2,2,0,1,1,2,2,0,1,2,0,2,2,2,1,1,1,3,1,0,2,1,1,1,1,1,2,0,3,0,1,0,0,0,1,3,1,0,2,1,2,1,1,0,1,1,1,1,0,0,1,0,0,0,1,2,1,2,0,0
51,0,0,0,1,0,1,0,1,1,0,1,1,0,1,0,1,1,0,2,1,2,0,0,1,2,1,0,0,0,0,0,2,3,1,0,0,0,0,0,1,1,0,0,2,1,0,2,0,0,1,25,0,1,1,0,2,3,0,2,0,1,1,0,0,0,0,1,0,0,0,0,0,1,0,0,0,2,0,1,0,0,1,1,0,3,0,0,1,1,0,0,1,1,1,2,0,0,2,1,0,0,0,2,0,3,0,1,1,0,1,2,0,1,2,0,1,1,0,0,1,1,0,0,0,1,0,0,0,0,2,0,0,0,0,0,2,0,1,0,1,1,0,0,0,0,1,0,0,1,1,1,2,2,0,1,0,0,2,0,0,0,1,1,0,2,0,2,1,1,1,0,0,0,0,0,1,0,2,1,1,2,2,0,0,0,0,0,0,2,0,3,0,1,1,0,0,2,1,0,3
52,0,1,1,1,1,1,1,0,0,0,0,2,2,0,1,0,2,0,0,1,0,0,0,1,0,0,0,2,1,0,0,0,1,0,0,2,0,0,2,0,3,0,0,1,2,1,0,0,1,0,0,26,0,0,0,1,1,0,1,1,0,1,2,0,3,5,1,0,0,3,0,1,0,1,0,1,0,1,0,1,0,0,1,0,2,2,0,0,0,0,0,0,0,1,1,0,1,0,0,1,0,2,0,1,1,2,2,1,0,0,2,0,1,0,1,1,1,1,0,1,1,0,0,0,2,1,1,1,1,0,1,0,0,2,0,2,2,2,1,1,1,1,1,0,1,0,1,0,0,0,0,0,1,1,4,0,0,2,1,0,1,0,0,0,0,1,1,1,0,0,0,0,0,1,2,1,0,1,0,0,1,1,1,0,1,0,2,1,0,0,1,0,2,0,0,1,1,0,1,3
53,2,1,0,1,0,1,0,0,1,3,0,0,0,0,0,0,1,2,1,2,0,1,0,2,1,1,0,3,0,1,0,1,0,0,1,0,3,0,0,1,0,0,0,4,1,2,2,0,2,0,1,0,30,1,1,1,2,0,0,0,3,1,0,2,1,2,3,2,0,1,0,0,1,0,2,1,0,0,1,0,3,0,2,0,0,0,1,0,1,0,2,0,1,1,1,1,4,1,1,0,1,3,1,0,0,1,0,2,0,2,1,0,1,1,0,1,0,0,0,0,0,2,3,0,0,2,2,0,0,2,0,0,2,1,0,1,1,1,2,1,1,0,2,0,1,0,1,0,1,5,0,0,0,0,0,2,2,0,0,0,1,1,2,0,1,0,0,0,1,2,2,0,0,0,1,1,0,1,1,0,0,0,1,1,1,1,1,2,1,0,0,1,3,1,0,2,0,2,0,1
54,1,1,0,1,0,0,1,0,1,0,3,0,2,3,0,0,0,2,1,1,0,1,3,0,0,1,1,0,0,2,0,1,2,0,0,1,0,0,0,1,1,2,0,1,0,0,1,1,1,0,1,0,1,25,0,0,0,1,1,2,2,3,0,0,1,0,1,0,1,0,0,1,0,0,2,1,0,1,0,1,0,0,1,1,0,1,0,0,1,1,0,0,0,0,2,0,1,1,3,0,1,1,1,2,3,1,2,0,0,1,1,1,2,2,1,0,0,0,3,1,1,2,1,1,0,0,1,0,1,1,0,0,0,1,0,2,1,1,2,0,0,1,0,1,0,0,1,0,1,1,1,0,1,3,0,3,1,1,1,0,0,1,0,0,0,0,0,0,1,2,0,1,0,0,2,1,2,0,1,0,2,2,1,0,1,0,0,1,0,0,2,0,0,0,3,1,1,1,1,0
55,0,1,1,0,1,0,1,0,1,1,2,0,0,1,0,0,1,1,0,0,0,0,0,1,0,1,0,2,0,0,0,2,0,0,1,0,2,1,2,0,0,1,1,0,0,0,1,0,1,0,0,0,1,0,20,1,1,0,0,0,1,0,0,2,0,0,0,0,1,0,0,0,0,0,0,1,2,1,1,1,1,0,1,0,0,1,0,1,0,1,0,0,0,1,0,3,2,0,2,1,0,1,1,0,0,0,1,0,0,2,2,1,1,1,0,0,1,0,0,0,0,2,0,0,0,0,0,1,0,1,1,1,0,0,1,2,1,2,0,1,0,0,2,1,0,2,0,1,0,1,0,0,1,1,0,0,0,0,0,0,1,1,1,0,0,0,0,0,1,1,0,0,0,1,0,2,1,2,1,1,1,0,0,1,0,0,0,1,0,0,1,1,1,1,1,1,1,0,0,0
56,0,1,1,1,1,1,0,2,0,1,0,3,1,1,2,1,3,1,1,1,2,0,1,1,1,1,2,0,3,1,0,0,1,0,0,0,0,0,0,2,1,0,1,0,0,0,0,0,0,2,2,1,1,0,1,28,0,1,1,0,1,1,2,2,1,2,0,0,1,0,0,0,1,0,0,3,0,1,2,0,0,2,0,0,2,1,1,1,0,1,0,1,0,3,0,0,2,1,0,0,1,2,0,1,3,1,1,1,0,0,1,1,0,0,1,1,1,0,3,1,0,2,2,0,1,0,1,2,0,0,1,0,1,1,0,2,0,0,2,0,1,0,1,0,2,0,1,1,1,3,1,0,0,2,1,3,0,0,0,1,0,1,1,1,1,0,1,1,0,1,1,0,0,1,0,2,0,0,1,0,2,1,1,1,1,0,3,1,0,1,0,0,2,0,3,1,2,1,0,2
57,1,0,2,1,1,1,1,0,0,0,0,3,1,1,1,3,0,2,1,2,0,0,0,0,2,2,2,1,0,0,1,0,1,2,1,1,2,0,0,2,0,1,1,0,3,0,1,3,0,3,3,1,2,0,1,0,30,0,0,0,1,3,1,1,2,0,1,1,0,0,2,2,1,2,1,1,1,3,1,0,1,0,1,1,0,0,0,1,0,0,1,0,0,2,0,1,1,0,0,1,0,3,1,0,0,0,1,0,1,0,1,1,1,0,1,0,1,1,1,2,0,0,0,0,1,3,0,0,1,1,0,1,0,0,0,0,0,1,2,1,0,0,0,1,1,1,0,0,2,1,1,2,0,0,1,0,2,2,0,2,2,0,1,0,2,1,1,1,0,0,1,0,2,1,0,0,0,1,2,2,1,2,0,0,1,1,0,0,0,0,1,2,0,0,2,1,1,0,0,1
58,1,0,0,2,1,0,0,0,0,1,0,2,1,2,3,0,3,1,0,1,1,0,4,2,1,1,1,1,0,0,0,1,2,1,0,1,3,0,0,1,0,0,0,1,0,1,0,0,0,4,0,0,0,1,0,1,0,32,0,2,1,0,0,0,1,1,3,0,1,1,1,0,0,0,1,1,1,1,1,3,1,4,1,2,0,0,2,2,2,1,1,1,1,1,1,0,2,0,1,0,0,0,1,0,1,1,0,1,2,0,0,1,1,2,0,2,2,1,1,0,0,0,0,3,2,1,3,1,1,1,1,1,1,1,2,1,1,1,1,1,0,1,2,1,2,0,1,0,0,2,0,1,0,2,1,0,0,0,2,2,0,0,0,1,0,3,2,1,0,0,1,0,1,0,0,2,3,0,1,0,0,0,0,0,0,0,1,0,0,2,3,3,1,1,0,2,1,2,1,0
59,1,0,0,0,2,0,0,0,1,1,0,0,0,2,0,1,1,0,1,1,2,1,1,0,0,2,0,0,1,0,1,0,1,1,0,0,3,2,2,0,0,1,0,1,0,0,0,1,0,0,2,1,0,1,0,1,0,0,27,0,0,3,0,3,2,0,0,0,1,0,0,0,2,0,0,2,3,1,1,0,0,0,1,1,1,0,0,0,0,0,0,0,1,1,0,2,1,2,1,0,2,1,2,1,0,1,0,1,1,1,0,1,0,1,0,1,0,1,1,0,0,0,0,0,0,0,1,1,1,1,1,0,1,0,1,0,0,0,1,1,2,0,0,2,1,0,1,1,1,0,0,0,0,0,0,0,3,2,1,0,2,1,0,1,2,0,1,1,1,0,0,0,0,1,2,1,0,0,1,0,1,0,1,2,1,0,0,0,1,1,0,0,1,1,2,0,2,0,1,2
60,0,2,1,0,2,0,1,2,0,0,1,1,0,1,2,1,0,0,1,1,3,0,1,0,1,1,7,3,3,1,1,1,1,2,0,1,1,0,1,3,1,1,1,2,0,1,0,0,2,0,0,1,0,2,0,0,0,2,0,35,2,0,0,0,1,2,0,3,0,0,0,1,0,0,2,0,0,1,2,2,1,1,1,1,2,0,4,0,0,2,1,1,1,1,1,0,1,1,1,0,2,1,0,0,2,0,3,0,0,0,2,0,0,0,2,1,2,0,0,1,5,0,0,0,0,1,1,2,1,0,1,1,2,0,0,1,0,1,1,3,0,1,2,0,0,1,1,1,0,1,2,0,0,1,0,3,1,2,1,0,0,1,1,0,1,1,0,0,0,1,0,3,2,1,0,0,1,0,1,0,0,1,0,0,1,0,2,0,0,2,3,1,1,0,2,1,0,3,1,0
61,1,1,0,1,1,1,1,1,1,1,1,0,1,1,0,0,0,0,1,0,0,1,3,2,0,0,0,1,1,0,1,1,0,0,0,0,1,0,3,1,0,2,0,0,3,1,1,0,2,1,1,0,3,2,1,1,1,1,0,2,25,1,0,2,0,0,1,0,1,0,1,1,1,2,3,1,0,1,0,1,1,0,1,1,0,2,0,0,0,2,0,0,0,0,0,1,1,1,0,0,0,1,2,0,4,4,1,1,0,0,1,0,0,1,1,0,2,0,1,0,1,2,0,0,0,0,0,0,0,0,0,0,0,0,0,1,3,2,0,0,1,0,0,0,0,1,2,0,1,2,1,0,1,0,0,1,1,1,0,1,0,0,1,1,1,0,0,3,1,2,0,3,1,1,1,0,4,1,0,0,0,3,0,0,1,3,0,0,1,1,0,0,0,0,1,1,1,0,0,1
62,0,0,2,1,2,0,0,0,0,0,1,1,2,1,1,1,1,0,1,3,2,1,3,0,1,1,1,0,0,0,0,0,0,1,1,1,0,0,0,0,1,0,1,0,1,0,1,4,0,0,1,1,1,3,0,1,3,0,3,0,1,29,1,0,2,1,1,0,0,0,1,0,1,0,1,0,0,3,1,1,2,0,1,1,1,0,0,0,1,3,0,0,1,3,1,1,1,1,0,0,1,0,0,1,2,1,1,1,1,0,0,2,2,0,1,0,3,0,0,1,1,0,1,0,2,0,0,0,1,2,0,0,1,1,1,0,2,0,1,0,0,0,1,2,1,0,2,0,0,0,0,0,2,1,1,1,1,1,0,0,0,0,1,0,1,0,0,0,2,0,0,2,1,0,2,0,0,0,0,0,0,2,0,0,0,0,0,1,1,1,0,1,0,2,1,0,2,1,0,1
63,0,1,0,0,1,1,2,0,0,0,0,2,0,0,0,0,0,1,1,0,1,0,1,1,0,2,0,0,1,1,0,0,0,0,0,0,0,0,1,0,1,1,0,1,0,0,1,1,0,1,0,2,0,0,0,2,1,0,0,0,0,1,19,0,1,0,2,0,0,1,0,1,0,0,0,1,1,0,0,0,0,1,2,1,0,2,0,0,0,1,0,0,0,1,0,2,0,0,0,1,1,1,0,1,1,1,2,3,0,0,0,0,2,0,0,0,1,1,0,1,2,0,0,0,0,0,1,1,1,3,1,0,0,1,0,1,1,0,0,0,0,1,0,0,1,2,0,1,0,0,1,1,0,1,1,0,0,0,2,0,0,0,0,0,1,1,0,1,1,0,0,0,0,1,0,2,1,1,0,1,0,0,0,0,0,1,1,1,0,1,0,1,0,0,2,0,1,0,0,1
64,3,1,1,3,0,0,0,0,0,2,1,1,3,0,1,3,3,1,1,0,2,1,0,3,0,1,0,1,3,1,1,2,1,0,1,1,4,2,0,0,0,0,0,1,1,2,0,2,3,0,0,0,2,0,2,2,1,0,3,0,2,0,0,30,3,0,0,0,1,0,0,0,0,1,0,0,1,1,1,2,0,0,0,2,1,0,0,1,0,2,1,1,2,0,0,2,1,1,1,0,1,3,1,1,1,2,0,0,1,0,0,1,1,0,1,1,2,2,1,0,0,1,2,0,1,2,0,1,2,1,1,1,1,0,2,0,1,0,0,0,0,1,0,1,0,1,0,0,1,0,0,0,0,0,0,2,3,1,0,1,2,0,1,3,1,0,0,0,1,1,0,1,2,1,1,1,1,1,2,1,1,0,0,2,2,0,0,3,0,1,0,0,1,1,0,0,0,1,0,0
65,1,0,0,2,1,1,0,1,0,1,1,0,1,1,2,0,0,0,0,1,1,1,3,0,0,0,2,0,0,0,0,0,4,1,1,1,1,2,2,1,1,0,1,0,2,0,0,0,0,1,0,3,1,1,0,1,2,1,2,1,0,2,1,3,34,1,1,1,0,0,0,1,0,1,2,0,2,1,0,1,1,0,1,3,1,0,0,0,1,0,0,1,0,2,0,0,1,0,1,1,1,2,2,2,1,0,2,1,1,0,0,0,0,1,2,1,0,5,0,0,3,2,1,1,3,1,0,2,2,0,0,0,1,1,1,0,0,1,0,0,1,2,0,1,2,2,1,0,0,0,1,3,2,2,0,0,1,0,0,0,1,0,0,1,0,1,1,1,3,0,0,0,5,2,0,1,2,1,1,0,0,1,0,2,3,0,0,2,0,0,1,3,0,1,1,3,0,3,1,1
66,1,1,0,1,0,0,1,1,2,0,2,1,0,0,2,0,1,0,0,0,0,0,1,1,3,0,0,1,3,0,1,1,0,0,0,2,2,1,0,0,1,0,1,1,0,1,0,0,2,2,0,5,2,0,0,2,0,1,0,2,0,1,0,0,1,31,2,1,1,1,0,0,0,0,1,0,0,0,2,3,0,1,0,0,2,0,2,0,2,1,2,3,1,0,2,0,4,2,0,1,2,0,0,1,2,1,0,1,0,0,1,1,0,0,0,0,0,3,1,1,0,2,1,0,1,0,1,0,1,1,0,0,1,1,1,2,0,2,2,2,3,3,2,0,0,3,1,2,0,1,1,0,0,0,1,0,0,0,1,1,0,1,2,1,0,2,0,0,1,0,2,0,2,0,1,0,1,0,2,0,0,0,0,0,0,0,0,0,0,0,0,1,2,0,3,0,1,1,0,0
67,0,0,0,0,0,1,2,0,0,1,0,1,1,0,0,0,0,1,1,0,0,1,2,2,0,0,1,0,0,1,0,0,1,1,1,2,1,1,0,0,0,2,0,1,0,2,2,0,1,0,1,1,3,1,0,0,1,3,0,0,1,1,2,0,1,2,23,0,0,1,0,1,0,0,1,1,0,0,1,0,0,2,0,0,0,0,1,0,0,0,0,1,0,1,0,2,1,1,2,0,0,0,0,1,1,0,0,1,0,0,1,0,2,1,0,0,0,0,0,2,0,0,3,2,0,1,0,0,0,3,0,0,0,2,0,1,0,0,1,2,1,0,1,1,1,3,0,1,0,0,1,0,1,0,1,1,2,1,0,1,0,0,0,0,0,0,1,0,0,0,0,1,1,1,1,1,1,0,1,1,1,0,1,0,0,0,0,0,1,0,0,0,0,1,1,2,0,0,1,1
68,0,1,1,0,1,0,0,3,1,1,1,1,1,1,0,0,1,1,0,0,1,1,1,0,1,1,1,0,2,1,1,0,0,1,0,1,2,1,0,2,0,1,1,0,0,1,0,1,0,1,0,0,2,0,0,0,1,0,0,3,0,0,0,0,1,1,0,30,1,2,0,4,1,2,1,0,0,0,3,0,1,2,0,0,1,1,3,1,0,0,0,0,1,0,0,0,0,1,1,0,1,1,4,1,1,1,1,2,0,1,1,1,0,0,2,0,0,0,0,1,2,1,0,0,1,1,1,2,1,1,0,1,1,2,1,0,0,1,1,1,3,0,3,1,0,1,0,1,0,1,1,1,0,1,0,0,0,2,0,0,0,0,1,2,1,1,0,1,0,0,1,1,0,0,1,1,0,0,0,0,0,0,0,0,1,1,2,1,2,0,4,1,1,3,1,0,0,1,0,0
69,0,0,1,0,1,0,1,1,1,2,0,0,0,2,1,0,1,1,1,0,1,1,0,0,1,1,0,0,0,1,1,0,1,1,2,2,1,1,0,3,0,0,0,1,0,0,0,0,0,2,0,0,0,1,1,1,0,1,1,0,1,0,0,1,0,1,0,1,21,2,0,0,1,1,0,0,1,0,0,0,1,2,1,1,1,0,0,0,3,2,0,0,0,0,0,1,1,0,0,1,0,1,0,0,2,0,1,0,0,1,0,0,1,1,0,1,2,0,0,1,0,1,0,1,1,0,2,0,2,1,0,0,1,0,1,1,0,0,1,0,0,1,0,1,0,1,1,0,1,1,0,0,0,2,0,0,0,0,0,0,0,1,0,1,0,1,1,0,0,2,2,1,1,1,0,0,0,0,0,0,0,2,1,1,1,0,1,3,0,1,1,0,0,1,0,0,0,0,0,0
70,0,1,1,0,1,1,1,0,1,1,1,1,0,1,1,1,0,0,0,0,0,1,2,0,0,0,0,1,0,1,0,0,0,0,0,2,0,0,1,2,1,0,0,0,0,0,1,0,1,1,0,3,1,0,0,0,0,1,0,0,0,0,1,0,0,1,1,2,2,23,0,2,1,1,0,0,1,0,1,1,2,2,1,2,3,1,1,1,0,0,0,1,2,0,0,0,1,1,1,1,0,1,0,0,0,1,0,0,0,1,1,3,1,0,0,1,0,0,0,1,1,2,1,1,2,0,2,0,3,3,0,0,0,0,1,1,2,1,0,0,0,1,0,2,1,0,0,0,1,1,0,1,0,0,2,2,0,1,1,0,1,0,1,1,0,0,2,1,0,0,2,0,0,0,0,0,0,0,0,2,0,0,0,0,1,1,0,0,1,0,1,0,2,0,1,0,2,1,1,0
71,0,1,0,0,0,0,0,1,0,0,1,0,2,0,0,0,1,0,0,0,0,0,1,0,0,0,1,2,0,0,0,0,1,0,1,1,1,1,0,1,0,0,2,0,0,0,2,0,0,1,0,0,0,0,0,0,2,1,0,0,1,1,0,0,0,0,0,0,0,0,18,3,0,1,0,0,0,0,0,1,0,0,2,2,0,0,0,0,1,1,0,0,1,0,1,1,0,0,0,0,0,0,1,1,0,1,1,0,0,0,1,1,0,0,1,1,0,1,0,0,0,0,0,0,1,1,0,1,0,1,1,0,1,0,0,0,0,1,1,0,0,0,1,0,0,0,0,0,1,1,1,0,0,1,1,0,2,1,0,0,0,1,1,0,1,0,0,0,0,0,2,2,0,0,1,0,2,0,0,1,2,1,0,1,1,0,0,1,1,1,1,0,0,0,2,2,0,1,0,0
72,0,2,0,0,3,0,0,0,2,1,4,1,2,0,0,0,0,1,1,1,0,1,1,2,0,1,2,1,1,1,0,0,0,0,0,1,0,1,0,2,1,2,0,1,0,1,0,1,0,0,0,1,0,1,0,0,2,0,0,1,1,0,1,0,1,0,1,4,0,2,3,26,0,1,1,0,2,0,0,0,0,0,1,0,1,4,1,0,0,0,0,0,1,0,0,0,1,0,2,1,0,1,2,0,0,0,0,0,0,0,1,3,2,2,0,1,1,2,1,1,0,1,1,0,2,1,1,1,3,0,1,0,1,0,0,0,1,0,1,1,0,0,0,0,0,2,1,1,0,1,2,1,1,0,2,0,1,0,0,0,0,1,0,0,1,0,0,1,0,0,2,1,3,0,1,0,2,1,0,2,2,0,1,2,2,1,0,1,0,1,2,0,0,1,1,0,1,1,1,0
73,0,1,0,1,0,0,0,1,1,0,0,0,2,0,1,1,0,1,0,0,0,0,0,1,1,0,0,0,0,2,0,1,1,1,2,1,1,0,1,1,0,0,0,2,1,1,1,1,0,0,1,0,1,0,0,1,1,0,2,0,1,1,0,0,0,0,0,1,1,1,0,0,26,0,1,0,1,0,0,0,0,1,0,0,1,1,0,0,0,1,0,0,0,4,3,1,1,0,1,0,2,0,0,0,1,0,2,2,1,0,0,4,2,0,2,1,1,0,0,0,1,1,2,1,0,0,1,0,0,0,0,1,1,1,0,0,0,2,0,1,2,0,0,0,1,0,0,1,0,0,0,0,1,1,0,2,0,0,1,2,0,0,1,1,0,0,0,0,1,1,0,2,1,0,2,1,0,0,0,1,0,0,0,1,0,0,4,2,2,2,0,0,0,0,0,0,1,1,0,0
74,0,1,1,0,2,2,1,2,0,0,0,0,1,2,1,1,0,3,0,1,2,0,2,1,0,0,3,1,0,1,1,0,0,2,0,2,1,0,2,1,1,0,0,1,4,1,1,0,0,0,0,1,0,0,0,0,2,0,0,0,2,0,0,1,1,0,0,2,1,1,1,1,0,28,1,0,0,0,0,0,0,1,1,0,1,0,0,0,1,1,0,1,0,0,0,0,0,0,0,1,2,0,1,0,0,2,1,0,0,0,0,0,0,0,0,1,0,0,0,0,1,0,2,1,0,2,1,0,1,0,0,2,0,0,1,0,1,1,0,1,0,0,1,0,0,2,0,0,0,0,0,0,1,0,0,1,1,2,0,1,0,2,0,1,0,0,1,2,0,1,1,0,0,1,0,2,2,1,1,0,1,1,0,0,0,1,1,0,0,0,2,2,2,2,0,1,0,0,0,1
75,0,0,0,0,0,0,1,0,0,0,0,1,0,1,2,0,0,0,0,2,1,0,0,0,0,2,2,1,2,1,0,1,1,0,0,0,2,1,2,2,0,0,0,0,2,0,1,1,1,2,0,0,2,2,0,0,1,1,0,2,3,1,0,0,2,1,1,1,0,0,0,1,1,1,24,2,0,1,0,1,2,2,1,1,1,0,1,1,1,0,0,2,2,0,2,0,2,0,0,0,0,4,1,0,2,1,1,2,1,0,2,1,0,0,0,1,0,0,1,0,3,0,1,0,0,2,0,0,1,1,1,0,0,0,2,0,1,2,2,1,0,0,0,0,0,2,1,0,0,2,1,0,0,1,0,1,1,0,0,1,1,0,0,1,0,0,0,0,2,2,1,2,0,1,0,0,2,2,0,1,4,1,0,1,1,2,1,0,1,0,0,1,0,1,0,1,0,2,1,0
76,0,1,0,0,1,1,0,0,1,1,3,0,0,1,0,0,1,0,0,1,0,2,1,1,1,0,0,0,2,0,0,1,0,0,0,0,1,1,2,1,2,2,1,1,2,0,0,0,2,0,0,1,1,1,1,3,1,1,2,0,1,0,1,0,0,0,1,0,0,0,0,0,0,0,2,31,0,0,0,1,0,1,0,0,0,1,2,1,1,0,0,1,0,2,1,1,2,3,0,2,3,2,1,0,1,1,3,2,0,2,1,1,1,2,0,1,0,0,0,1,0,0,2,0,1,0,0,2,1,0,1,0,0,0,0,2,0,0,1,1,2,0,1,0,0,0,1,0,1,0,0,0,1,1,0,0,3,1,2,0,1,0,1,0,1,1,0,0,1,0,0,0,0,0,0,0,0,0,1,0,2,0,2,2,1,3,1,2,0,2,1,0,1,1,1,1,0,2,1,3
77,2,1,1,1,0,0,0,1,0,1,2,1,0,1,1,0,0,1,0,1,0,0,1,1,3,1,0,0,0,0,0,0,2,0,1,1,2,1,1,1,0,0,0,0,0,1,0,1,0,0,2,0,0,0,2,0,1,1,3,0,0,0,1,1,2,0,0,0,1,1,0,2,1,0,0,0,24,2,1,1,1,0,0,1,0,0,0,0,0,1,1,0,0,2,2,1,0,0,0,0,0,0,0,1,1,1,1,0,1,1,1,0,1,3,1,0,1,2,0,0,0,1,2,2,0,0,1,0,1,0,0,1,1,0,1,1,1,0,1,0,0,0,0,0,0,1,0,0,2,0,0,1,1,0,1,0,0,0,1,0,1,1,0,0,0,0,0,0,2,1,1,1,0,1,1,3,1,0,1,1,2,0,1,1,1,0,3,1,0,0,2,0,0,1,0,1,0,0,0,2
78,0,1,1,0,1,0,0,0,2,1,0,2,0,0,1,0,2,0,2,0,1,0,1,0,1,0,1,0,0,2,1,0,0,1,0,1,2,0,1,0,2,1,1,0,1,0,1,2,1,2,0,1,0,1,1,1,3,1,1,1,1,3,0,1,1,0,0,0,0,0,0,0,0,0,1,0,2,26,1,1,2,0,0,0,0,1,1,1,0,2,0,1,0,2,1,1,0,0,0,0,0,1,0,0,2,2,2,0,1,0,0,0,1,0,1,0,0,1,0,0,0,0,1,1,1,0,0,0,1,1,0,0,0,0,0,1,1,0,1,2,0,0,2,4,1,0,0,0,2,1,1,2,0,0,1,1,0,2,2,1,1,1,1,0,0,2,0,1,2,0,1,0,1,1,0,0,1,1,2,2,2,1,1,0,2,1,0,0,0,1,0,1,1,1,1,0,0,0,1,0
79,0,0,1,0,0,0,0,2,0,0,1,0,0,0,0,2,1,0,3,1,0,2,2,1,0,0,0,0,1,1,1,0,1,2,0,0,2,1,0,0,1,0,1,1,0,0,0,2,0,1,1,0,1,0,1,2,1,1,1,2,0,1,0,1,0,2,1,3,0,1,0,0,0,0,0,0,1,1,28,2,1,3,0,1,0,0,0,0,1,1,0,0,2,3,0,2,0,2,0,0,0,1,0,2,1,0,1,1,1,0,0,0,0,0,2,0,0,2,1,0,1,0,0,0,2,0,2,1,2,0,0,0,1,0,2,2,0,0,1,0,2,0,1,3,0,1,0,0,0,0,2,1,0,2,0,2,0,3,0,3,1,2,0,1,2,1,1,1,2,2,0,0,1,1,0,0,0,0,1,2,1,1,2,0,0,0,0,0,3,0,0,1,1,0,2,1,3,2,0,0
80,0,0,1,1,1,0,0,0,0,0,3,0,0,2,3,1,2,1,1,0,1,1,1,0,1,1,0,1,2,3,0,0,0,1,0,0,3,1,0,0,2,1,0,0,1,0,0,0,2,0,0,1,0,1,1,0,0,3,0,2,1,1,0,2,1,3,0,0,0,1,1,0,0,0,1,1,1,1,2,28,2,0,0,1,1,0,1,0,2,3,2,3,3,2,2,0,2,1,2,2,1,2,1,0,2,2,0,0,1,1,1,0,1,2,0,1,0,2,2,0,0,0,0,3,1,0,1,1,0,0,1,0,2,1,1,1,1,1,1,0,2,0,3,1,1,1,2,1,2,0,1,2,0,1,2,1,0,0,3,0,1,0,0,0,1,2,1,2,0,1,1,0,1,1,1,0,1,0,0,1,0,1,1,0,0,0,0,0,1,0,1,4,2,0,0,0,1,2,0,0
81,0,1,2,1,0,1,1,1,0,0,1,0,1,1,1,2,0,1,0,2,1,1,0,2,1,2,1,3,0,1,0,1,0,1,1,1,2,3,0,1,2,2,2,0,2,0,1,2,2,1,0,0,3,0,1,0,1,1,0,1,1,2,0,0,1,0,0,1,1,2,0,0,0,0,2,0,1,2,1,2,36,2,1,1,1,0,0,2,1,1,0,4,1,0,1,0,0,2,0,0,0,3,3,1,1,2,1,1,0,1,3,0,0,3,0,0,3,0,0,0,1,0,0,1,1,2,2,1,2,1,0,0,0,1,1,0,3,2,0,1,0,2,2,1,2,0,3,0,3,1,2,4,0,0,0,0,0,2,0,2,1,1,1,2,0,0,1,1,3,1,2,2,1,2,1,3,3,1,0,1,1,0,1,0,1,3,0,0,0,0,3,2,0,2,0,0,0,2,0,1
82,0,1,3,0,2,1,0,0,0,1,1,3,1,0,1,2,0,1,2,1,2,1,0,1,0,0,1,1,0,1,3,0,1,0,0,1,1,1,1,0,0,1,1,1,2,0,1,0,0,1,1,0,0,0,0,2,0,4,0,1,0,0,1,0,0,1,2,2,2,2,0,0,1,1,2,1,0,0,3,0,2,31,1,1,1,1,1,1,1,1,1,4,1,1,1,0,3,1,1,2,2,1,0,0,4,0,0,2,0,0,0,1,1,1,1,0,2,0,2,1,0,0,2,2,3,1,2,0,1,1,0,0,0,0,0,1,0,2,0,0,2,0,2,0,2,1,0,1,1,3,1,0,1,2,0,0,1,1,4,3,2,1,0,0,0,1,2,1,1,2,0,0,1,0,1,2,1,0,1,2,2,1,0,2,0,0,2,0,0,1,1,0,0,0,0,0,0,0,0,0
83,0,2,0,0,2,2,1,1,1,0,1,2,2,1,0,1,1,2,1,2,2,1,1,0,0,3,1,2,2,0,0,0,1,0,2,0,1,0,0,0,2,1,1,2,0,0,1,0,0,1,1,1,2,1,1,0,1,1,1,1,1,1,2,0,1,0,0,0,1,1,2,1,0,1,1,0,0,0,0,0,1,1,33,3,0,3,0,0,2,1,0,1,3,0,1,1,0,2,1,0,3,3,0,0,1,0,2,1,1,2,1,0,2,1,4,2,0,1,2,0,0,0,0,1,0,3,0,0,2,2,1,0,0,1,1,1,3,1,2,1,0,0,1,1,1,0,0,0,2,3,1,2,0,0,1,1,1,1,1,0,6,2,2,0,1,0,3,1,0,1,1,2,2,0,1,0,2,0,0,1,0,0,0,1,1,0,1,2,1,0,0,0,1,2,0,2,2,0,1,2
84,0,1,1,1,1,0,1,0,0,2,1,1,2,1,1,0,0,1,0,1,2,1,3,0,0,2,4,1,1,0,0,1,1,0,1,0,3,0,2,1,0,0,1,0,1,2,0,1,1,0,0,0,0,1,0,0,1,2,1,1,1,1,1,2,3,0,0,0,1,2,2,0,0,0,1,0,1,0,1,1,1,1,3,31,1,0,2,0,1,1,0,0,0,1,1,0,1,1,2,1,1,1,0,2,0,1,1,1,1,0,1,1,0,0,2,0,1,1,1,3,1,2,2,1,3,1,0,2,0,2,2,0,0,1,1,1,1,0,2,2,2,1,2,2,1,0,0,0,1,1,2,1,0,0,1,1,2,2,0,0,2,1,1,0,1,0,0,0,0,2,1,1,2,2,2,1,3,0,1,2,0,1,0,1,0,1,0,2,0,0,2,0,0,0,0,0,0,1,0,0
85,0,0,0,0,2,0,1,1,1,1,0,3,2,1,0,0,2,0,2,1,0,0,0,1,0,0,1,1,2,0,0,0,0,0,0,1,0,0,1,1,2,0,0,2,1,2,0,0,1,2,3,2,0,0,0,2,0,0,1,2,0,1,0,1,1,2,0,1,1,3,0,1,1,1,1,0,0,0,0,1,1,1,0,1,31,1,1,0,1,1,0,1,1,2,1,0,1,2,1,0,1,1,1,0,1,0,0,0,0,0,0,1,0,0,1,0,2,2,0,0,1,1,2,0,0,1,0,0,0,2,2,0,0,1,0,0,2,1,0,0,0,1,0,1,1,2,2,0,2,1,1,1,0,1,2,1,0,2,0,1,0,1,1,2,2,1,1,2,0,0,2,1,0,0,1,2,2,0,2,1,1,1,0,0,1,0,1,1,0,0,2,2,1,0,1,0,1,0,1,0
86,0,1,0,0,0,1,0,1,1,1,2,2,0,0,0,1,0,1,1,0,1,0,1,0,0,0,0,0,2,0,1,0,1,1,0,0,0,0,0,1,1,0,0,1,0,0,1,0,1,2,0,2,0,1,1,1,0,0,0,0,2,0,2,0,0,0,0,1,0,1,0,4,1,0,0,1,0,1,0,0,0,1,3,0,1,27,0,1,0,3,0,2,0,1,1,1,0,0,1,0,0,1,0,0,1,1,3,1,0,0,0,0,1,0,1,0,1,0,1,0,0,0,0,0,1,0,0,0,4,0,1,0,0,0,2,2,1,1,1,2,1,0,1,1,2,0,0,0,2,0,1,0,1,0,2,0,1,0,1,0,0,1,1,0,0,0,1,2,0,0,0,0,1,0,0,1,0,0,0,0,0,1,2,1,1,1,2,0,2,1,0,0,0,2,1,1,3,2,2,0
87,0,0,0,1,0,0,0,0,0,0,0,0,1,1,0,0,2,0,0,0,1,0,0,1,1,0,2,1,0,0,0,3,0,0,0,0,1,0,1,0,1,0,1,1,0,1,0,3,2,0,0,0,1,0,0,1,0,2,0,4,0,0,0,0,0,2,1,3,0,1,0,1,0,0,1,2,0,1,0,1,0,1,0,2,1,0,21,0,0,0,1,1,0,0,2,0,1,1,1,2,1,1,1,0,1,1,1,1,2,1,1,3,0,1,1,2,0,0,1,1,2,4,0,1,1,1,2,1,0,0,1,0,1,2,0,0,0,1,2,2,1,1,2,2,0,1,0,1,0,0,1,0,0,1,1,0,0,1,0,0,0,0,0,0,2,0,0,0,0,0,0,0,0,1,0,0,0,0,1,0,1,2,0,0,0,1,0,1,0,3,1,0,0,1,1,0,0,2,0,0
88,0,0,1,1,0,1,1,0,0,1,0,0,1,1,1,2,0,1,1,1,1,0,0,0,0,0,0,1,0,1,0,0,1,2,0,0,2,1,0,1,1,0,0,0,0,0,0,0,0,1,1,0,0,0,1,1,1,2,0,0,0,0,0,1,0,0,0,1,0,1,0,0,0,0,1,1,0,1,0,0,2,1,0,0,0,1,0,20,0,0,0,1,0,2,0,1,0,1,1,0,0,0,0,0,0,1,0,0,1,0,0,0,0,0,0,1,1,0,1,1,1,2,1,1,2,1,2,0,1,0,1,0,0,0,1,2,1,0,2,0,0,0,0,2,0,0,1,0,1,0,1,1,0,3,2,0,0,1,0,0,0,2,3,1,0,0,1,1,0,0,0,0,0,0,1,1,0,0,1,0,0,3,0,1,0,0,1,0,1,2,2,1,0,1,0,1,0,0,1,0
89,1,1,0,0,0,0,0,1,1,0,0,0,3,2,1,0,0,0,4,0,0,0,4,0,2,3,0,0,2,0,0,1,2,1,0,1,2,0,0,0,1,0,2,0,2,1,0,0,1,1,1,0,1,1,0,0,0,2,0,0,0,1,0,0,1,2,0,0,3,0,1,0,0,1,1,1,0,0,1,2,1,1,2,1,1,0,0,0,24,4,0,2,1,1,1,0,2,1,0,0,0,2,0,0,1,0,1,0,0,0,1,0,0,2,0,0,1,0,0,0,0,1,2,1,0,0,2,2,0,0,0,2,2,0,0,1,4,2,2,0,0,0,1,1,0,2,3,1,0,4,1,0,1,0,0,0,1,2,2,0,0,1,1,0,2,1,1,0,1,1,1,2,3,0,0,1,0,0,1,0,1,1,0,0,0,1,1,1,1,0,1,1,1,0,0,2,0,1,0,0
90,0,0,0,1,1,1,2,1,0,0,1,2,2,0,1,0,1,0,3,1,0,0,2,0,0,1,3,0,0,2,1,1,0,0,1,0,3,0,0,3,2,0,1,0,3,0,1,0,3,2,0,0,0,1,1,1,0,1,0,2,2,3,1,2,0,1,0,0,2,0,1,0,1,1,0,0,1,2,1,3,1,1,1,1,1,3,0,0,4,33,0,1,0,0,1,0,1,1,0,0,0,1,1,0,1,1,1,0,0,0,0,1,1,0,1,2,1,1,2,0,2,2,1,1,1,0,1,1,2,0,0,1,2,0,0,2,1,0,2,0,0,0,0,0,0,2,0,1,0,3,2,0,1,0,1,1,2,1,0,1,1,0,1,0,0,0,0,1,0,3,0,4,1,3,1,1,2,1,1,0,2,1,1,0,1,0,0,2,0,1,1,0,0,0,1,1,0,5,0,0
91,2,0,1,1,0,1,1,1,0,1,0,1,0,0,0,0,0,0,0,0,0,0,0,2,0,0,0,0,1,0,0,0,0,1,0,1,0,2,0,0,0,0,1,2,1,1,1,0,0,1,0,0,2,0,0,0,1,1,0,1,0,0,0,1,0,2,0,0,0,0,0,0,0,0,0,0,1,0,0,2,0,1,0,0,0,0,1,0,0,0,20,0,1,1,0,0,0,1,1,0,3,0,0,0,0,0,2,0,2,0,1,1,1,2,0,1,1,0,1,0,0,0,1,1,0,0,1,0,0,1,1,0,0,0,0,1,0,0,2,2,2,2,0,0,0,0,0,0,0,2,0,0,1,0,2,0,0,0,0,0,1,0,0,0,1,1,1,1,1,1,4,1,0,1,1,2,0,0,0,0,0,0,1,0,0,0,1,1,1,0,1,0,1,0,0,0,0,0,0,0
92,0,0,2,1,0,0,1,0,1,1,1,2,1,0,1,1,0,0,0,0,1,1,0,0,1,3,1,0,2,1,1,1,2,2,0,2,2,3,0,0,0,2,0,3,0,2,0,1,2,0,1,0,0,0,0,1,0,1,0,1,0,0,0,1,1,3,1,0,0,1,0,0,0,1,2,1,0,1,0,3,4,4,1,0,1,2,1,1,2,1,0,34,2,2,1,0,2,1,3,1,2,4,0,0,1,2,1,1,0,1,1,2,1,1,1,2,0,1,2,0,1,1,0,0,2,1,1,1,0,1,2,0,1,0,1,2,1,2,2,0,1,2,0,2,0,2,1,0,0,3,0,0,0,1,0,0,1,0,1,0,2,0,0,1,0,0,1,1,2,0,0,0,1,1,0,3,1,0,0,0,2,0,0,0,0,0,0,2,1,1,0,2,1,0,0,0,1,2,0,0
93,0,0,1,1,0,0,0,0,0,0,1,0,1,1,2,2,4,1,2,1,1,0,1,0,0,1,0,1,0,0,0,1,1,0,0,2,0,0,1,2,1,0,1,2,1,1,1,0,0,1,1,0,1,0,0,0,0,1,1,1,0,1,0,2,0,1,0,1,0,2,1,1,0,0,2,0,0,0,2,3,1,1,3,0,1,0,0,0,1,0,1,2,25,1,0,1,0,1,3,1,0,2,0,0,2,0,1,1,0,1,5,1,1,1,0,0,0,0,0,0,0,0,0,0,0,0,1,0,0,1,1,0,1,0,0,0,0,1,1,1,2,0,2,1,1,2,0,1,1,1,0,2,0,1,2,0,3,1,1,0,2,1,0,0,2,0,3,1,0,0,0,1,0,1,0,2,0,1,0,2,2,0,1,0,1,0,1,0,0,1,0,1,0,0,0,1,1,0,0,0
94,0,1,0,1,0,3,0,0,0,0,0,2,1,1,1,1,2,0,2,0,0,1,0,0,1,0,1,1,0,0,0,0,3,2,0,0,2,0,1,1,2,2,1,1,0,1,0,1,0,0,1,1,1,0,1,3,2,1,1,1,0,3,1,0,2,0,1,0,0,0,0,0,4,0,0,2,2,2,3,2,0,1,0,1,2,1,0,2,1,0,1,2,1,33,1,1,0,0,4,0,2,3,1,0,0,1,1,1,0,0,0,1,1,1,1,0,1,2,2,0,1,1,0,2,1,1,1,0,0,0,3,0,1,0,1,1,0,1,1,0,0,2,1,3,4,3,1,0,3,3,1,2,0,1,1,1,2,1,1,2,0,0,0,0,1,1,0,0,0,1,0,0,0,0,0,4,0,1,1,1,0,0,0,0,0,1,3,4,4,0,2,1,0,0,0,2,2,0,0,0
95,0,1,1,0,1,0,1,1,2,1,0,1,1,0,0,0,0,0,0,0,0,1,1,1,2,1,0,3,0,1,1,3,0,0,3,1,0,2,1,0,0,1,0,1,1,0,1,2,1,1,2,1,1,2,0,0,0,1,0,1,0,1,0,0,0,2,0,0,0,0,1,0,3,0,2,1,2,1,0,2,1,1,1,1,1,1,2,0,1,1,0,1,0,1,31,0,1,0,0,0,1,3,1,0,0,1,0,0,0,1,0,1,3,2,2,1,0,1,0,1,1,1,1,2,0,0,1,1,1,2,0,0,0,1,3,1,0,3,2,2,1,0,2,1,2,1,1,0,0,1,0,0,2,0,1,1,2,1,0,0,1,0,1,1,1,0,2,1,1,0,1,0,1,0,2,0,2,0,2,0,5,2,0,1,0,0,1,0,1,0,2,0,1,1,1,0,1,1,0,0
96,1,0,1,1,1,0,1,0,0,0,0,1,1,0,1,0,1,0,0,1,0,1,0,1,0,0,0,1,1,1,0,0,0,2,0,1,1,0,1,0,0,1,0,1,2,0,1,1,0,0,0,0,1,0,3,0,1,0,2,0,1,1,2,2,0,0,2,0,1,0,1,0,1,0,0,1,1,1,2,0,0,0,1,0,0,1,0,1,0,0,0,0,1,1,0,23,0,1,1,1,1,0,0,2,0,0,2,0,0,2,0,0,0,1,2,1,1,1,0,1,0,0,0,1,0,1,2,0,1,1,3,1,1,0,1,0,1,1,0,1,0,0,0,0,1,2,1,0,0,0,0,2,1,0,2,1,2,2,0,0,1,1,0,1,1,0,0,0,1,0,0,1,0,0,1,1,0,0,0,1,2,1,1,3,0,0,0,0,0,2,0,0,0,1,0,0,0,0,0,1
97,0,2,0,0,0,2,0,0,0,1,1,2,0,1,2,1,0,1,0,2,0,0,2,1,1,0,0,1,2,0,1,2,0,0,1,1,1,0,0,3,0,0,0,0,0,0,0,2,1,1,0,1,4,1,2,2,1,2,1,1,1,1,0,1,1,4,1,0,1,1,0,1,1,0,2,2,0,0,0,2,0,3,0,1,1,0,1,0,2,1,0,2,0,0,1,0,27,0,0,0,0,2,2,0,1,0,1,1,0,0,0,3,1,2,0,0,1,3,1,1,0,0,1,1,1,2,2,1,2,1,0,1,2,0,1,2,1,3,1,1,3,0,0,1,1,2,0,1,2,2,2,0,0,0,2,1,0,3,2,2,1,0,1,0,2,0,0,2,0,1,2,0,3,0,0,0,1,2,0,1,1,1,1,0,2,0,1,0,0,0,0,0,1,0,0,0,1,0,0,0
98,0,0,1,2,0,0,0,0,0,1,0,1,1,0,1,1,1,0,1,0,3,2,2,2,0,0,0,1,0,1,0,0,0,0,1,1,0,1,0,1,4,1,0,0,1,1,1,1,1,1,2,0,1,1,0,1,0,0,2,1,1,1,0,1,0,2,1,1,0,1,0,0,0,0,0,3,0,0,2,1,2,1,2,1,2,0,1,1,1,1,1,1,1,0,0,1,0,27,0,0,1,1,1,1,2,1,0,1,1,2,1,1,0,1,4,0,2,0,3,0,1,0,1,0,1,1,1,2,1,2,2,1,0,0,0,1,0,0,1,0,2,2,0,0,1,2,0,0,2,0,1,1,0,0,0,2,1,3,0,0,1,0,0,0,2,1,4,0,1,2,0,1,0,1,0,0,0,1,0,2,0,1,0,2,0,0,1,0,1,2,0,0,0,1,1,0,0,0,0,1
99,0,1,2,1,0,0,3,0,0,0,1,2,2,1,1,1,0,1,1,0,0,1,2,0,0,0,2,1,0,0,1,1,1,0,0,2,1,1,0,1,0,0,0,4,1,1,0,0,1,1,1,0,1,3,2,0,0,1,1,1,0,0,0,1,1,0,2,1,0,1,0,2,1,0,0,0,0,0,0,2,0,1,1,2,1,1,1,1,0,0,1,3,3,4,0,1,0,0,26,3,2,2,0,1,1,0,1,1,2,1,2,2,3,0,0,1,0,1,2,1,0,1,0,2,2,0,0,0,0,0,0,0,1,1,0,2,0,0,2,2,0,1,0,1,2,1,0,1,0,1,0,1,0,1,0,0,2,1,2,0,1,2,0,0,0,1,1,0,0,3,0,0,0,3,1,1,1,0,2,1,1,0,1,1,1,0,0,1,1,0,1,3,0,0,0,0,1,1,1,0
100,0,0,2,2,1,0,2,0,1,0,2,2,3,2,1,2,0,1,2,1,0,0,1,0,1,0,1,0,1,0,0,1,0,2,0,1,1,0,1,0,1,0,0,1,1,1,1,0,1,0,0,1,0,0,1,0,1,0,0,0,0,0,1,0,1,1,0,0,1,1,0,1,0,1,0,2,0,0,0,2,0,2,0,1,0,0,2,0,0,0,0,1,1,0,0,1,0,0,3,24,1,1,1,0,0,0,0,0,1,1,2,0,1,0,2,0,0,0,0,3,0,1,0,0,3,0,2,2,0,0,0,0,0,1,0,1,0,0,0,0,2,1,1,0,0,1,1,1,2,0,0,1,1,0,1,0,2,1,0,1,3,1,0,0,1,2,1,0,3,1,2,0,0,0,0,1,1,0,1,0,1,1,1,2,2,0,2,1,0,1,0,0,0,1,0,2,3,0,0,1
101,1,0,1,0,3,1,1,3,0,1,2,0,0,1,1,1,0,0,0,1,2,2,1,0,0,1,1,1,1,0,3,2,0,0,0,0,2,0,1,1,1,2,1,0,2,1,1,0,3,0,0,0,1,1,0,1,0,0,2,2,0,1,1,1,1,2,0,1,0,0,0,0,2,2,0,3,0,0,0,1,0,2,3,1,1,0,1,0,0,0,3,2,0,2,1,1,0,1,2,1,33,2,0,1,0,1,1,2,1,0,1,2,1,1,0,0,0,0,0,1,0,1,2,2,2,2,1,1,0,1,2,0,0,3,0,0,3,0,0,2,2,2,0,1,1,0,1,0,1,0,0,0,1,1,1,1,0,1,1,1,1,1,0,1,1,2,0,2,1,1,2,1,2,0,2,1,1,1,2,0,0,1,1,2,1,0,1,5,0,0,0,0,1,0,1,0,2,2,0,0
102,2,2,1,1,0,3,1,1,1,1,2,3,1,1,1,0,3,1,0,0,0,3,0,1,1,4,2,1,0,1,2,3,1,0,0,1,3,0,2,4,2,0,2,0,2,1,3,0,1,0,0,2,3,1,1,2,3,0,1,1,1,0,1,3,2,0,0,1,1,1,0,1,0,0,4,2,0,1,1,2,3,1,3,1,1,1,1,0,2,1,0,4,2,3,3,0,2,1,2,1,2,41,0,1,1,1,2,3,0,0,3,4,0,1,0,1,0,2,3,0,1,0,1,0,0,2,0,2,2,2,0,0,1,1,0,2,2,2,5,0,0,1,2,2,0,0,3,0,3,3,0,0,0,1,1,1,4,0,4,0,1,0,0,1,0,1,1,0,1,1,0,2,2,1,1,3,0,4,1,0,1,2,0,0,2,1,0,3,0,2,2,1,1,0,0,1,3,2,0,2
103,0,0,0,0,0,1,0,1,1,0,1,0,0,0,0,2,2,0,0,1,0,1,0,2,0,0,1,0,0,1,1,3,1,0,0,1,1,0,0,0,2,1,0,0,1,0,0,1,0,1,2,0,1,1,1,0,1,1,2,0,2,0,0,1,2,0,0,4,0,0,1,2,0,1,1,1,0,0,0,1,3,0,0,0,1,0,1,0,0,1,0,0,0,1,1,0,2,1,0,1,0,0,30,0,2,2,0,1,0,2,1,0,0,0,0,1,1,1,0,0,0,0,0,0,0,2,1,1,0,0,1,0,0,0,0,1,0,1,0,0,0,2,0,1,2,1,2,0,1,2,1,1,0,0,0,1,0,2,1,0,0,0,0,1,2,0,1,0,0,0,2,3,0,0,0,0,1,1,0,1,3,2,0,1,2,0,0,1,2,0,2,0,0,1,1,0,0,1,0,2
104,1,0,1,1,1,2,1,0,1,0,0,1,1,0,0,2,1,0,0,0,0,1,0,1,1,1,2,2,0,1,1,3,0,0,0,1,1,2,0,3,1,1,1,0,2,1,1,3,1,1,0,1,0,2,0,1,0,0,1,0,0,1,1,1,2,1,1,1,0,0,1,0,0,0,0,0,1,0,2,0,1,0,0,2,0,0,0,0,0,0,0,0,0,0,0,2,0,1,1,0,1,1,0,31,0,1,1,1,2,1,0,0,0,0,2,0,2,2,1,0,1,0,2,0,0,0,0,1,0,0,0,2,1,0,0,1,0,1,2,1,1,1,0,1,1,1,1,0,0,2,2,2,1,0,0,1,0,0,1,0,1,0,1,1,1,0,0,1,0,1,1,0,1,1,0,1,2,0,1,2,3,1,2,0,0,0,0,1,0,0,1,1,0,0,1,1,0,2,0,1
105,0,1,1,1,0,2,1,1,0,1,1,0,1,0,2,1,2,2,1,0,3,0,3,0,2,3,0,2,0,0,0,1,1,0,0,3,1,0,2,1,0,1,3,0,0,0,0,1,1,2,3,1,0,3,0,3,0,1,0,2,4,2,1,1,1,2,1,1,2,0,0,0,1,0,2,1,1,2,1,2,1,4,1,0,1,1,1,0,1,1,0,1,2,0,0,0,1,2,1,0,0,1,2,0,34,1,3,1,1,0,0,1,1,1,2,1,4,1,3,1,0,4,1,1,0,1,1,0,1,0,0,1,1,2,0,3,1,1,0,1,0,1,2,0,1,2,3,0,0,0,0,0,0,2,0,0,1,1,1,1,0,0,2,1,0,0,1,0,2,2,0,1,0,0,1,0,3,0,0,2,0,2,0,0,0,1,3,1,1,1,2,0,0,1,1,2,1,1,0,2
106,1,1,0,1,1,0,0,1,2,0,0,1,0,1,2,1,3,1,1,0,0,0,0,4,1,2,1,0,0,0,1,2,1,0,0,0,1,1,1,0,2,3,0,0,0,0,0,2,1,0,0,2,1,1,0,1,0,1,1,0,4,1,1,2,0,1,0,1,0,1,1,0,0,2,1,1,1,2,0,2,2,0,0,1,0,1,1,1,0,1,0,2,0,1,1,0,0,1,0,0,1,1,2,1,1,35,1,1,0,1,2,1,0,2,0,0,0,2,1,2,2,3,0,1,1,2,1,1,1,0,1,1,1,0,0,1,0,1,1,1,1,0,3,1,1,0,0,0,1,0,0,0,1,1,0,0,0,2,0,1,1,2,2,1,2,0,0,1,2,0,2,2,0,2,1,0,1,1,1,0,1,1,0,1,0,1,0,1,0,0,1,2,1,0,0,0,2,1,0,0
107,1,2,0,1,4,2,2,2,0,0,1,0,2,2,1,1,2,1,0,4,0,2,0,4,1,1,2,3,2,1,1,3,2,1,0,0,2,2,2,0,0,0,1,0,1,0,2,0,2,1,1,2,0,2,1,1,1,0,0,3,1,1,2,0,2,0,0,1,1,0,1,0,2,1,1,3,1,2,1,0,1,0,2,1,0,3,1,0,1,1,2,1,1,1,0,2,1,0,1,0,1,2,0,1,3,1,42,0,0,3,3,3,1,1,1,2,1,1,2,0,2,0,0,0,2,1,1,1,2,1,0,3,3,0,2,1,1,1,0,1,2,1,2,0,1,1,0,1,2,0,1,0,1,1,2,1,2,2,0,0,0,2,2,0,0,0,0,0,2,0,1,0,2,1,1,3,1,0,0,0,1,0,2,1,3,1,1,4,1,2,1,0,0,0,4,0,1,1,0,1
108,1,2,1,2,0,2,0,0,0,3,1,1,1,1,0,0,1,1,2,2,6,3,2,1,0,1,0,1,0,1,0,2,0,0,0,0,1,0,3,3,2,2,1,1,2,1,0,0,0,0,1,1,2,0,0,1,0,1,1,0,1,1,3,0,1,1,1,2,0,0,0,0,2,0,2,2,0,0,1,0,1,2,1,1,0,1,1,0,0,0,0,1,1,1,0,0,1,1,1,0,2,3,1,1,1,1,0,34,0,0,2,0,0,0,4,0,1,1,2,2,2,1,1,0,0,0,0,2,1,4,1,0,2,3,0,0,1,1,2,2,1,1,1,2,0,2,0,0,0,2,1,0,0,1,1,1,1,1,2,1,2,1,0,1,1,0,0,3,3,0,2,3,1,0,1,1,0,3,0,1,3,0,1,1,1,2,2,2,1,2,3,0,0,1,1,0,1,3,0,1
109,0,0,2,1,1,0,1,0,0,1,1,1,0,0,0,1,0,1,1,2,2,0,0,1,0,2,1,0,0,2,1,0,1,1,1,0,3,0,1,1,1,0,1,0,1,2,0,0,0,2,0,0,0,0,0,0,1,2,1,0,0,1,0,1,1,0,0,0,0,0,0,0,1,0,1,0,1,1,1,1,0,0,1,1,0,0,2,1,0,0,2,0,0,0,0,0,0,1,2,1,1,0,0,2,1,0,0,0,22,0,1,1,2,0,1,2,2,0,1,0,1,1,1,2,0,0,2,0,0,0,1,0,1,1,0,1,0,2,0,1,1,1,0,3,1,2,0,0,0,1,1,0,1,0,2,0,1,1,0,0,1,1,1,0,0,1,0,0,1,0,0,0,1,1,1,0,1,0,2,5,0,0,0,1,1,0,0,0,0,0,0,1,0,1,1,0,2,0,1,0
110,0,1,1,1,2,0,2,0,1,0,0,1,1,1,0,0,0,0,1,0,0,2,1,1,0,0,0,1,0,1,0,0,0,1,0,0,0,0,0,0,1,0,0,0,0,0,0,1,0,0,1,0,2,1,2,0,0,0,1,0,0,0,0,0,0,0,0,1,1,1,0,0,0,0,0,2,1,0,0,1,1,0,2,0,0,0,1,0,0,0,0,1,1,0,1,2,0,2,1,1,0,0,2,1,0,1,3,0,0,21,0,0,2,1,0,0,0,0,0,1,0,1,0,3,1,2,0,2,0,1,2,2,0,0,0,0,0,1,0,1,0,0,0,0,2,0,1,1,0,0,1,0,0,1,2,0,0,0,1,0,1,0,0,2,1,0,1,0,0,1,1,0,0,0,0,0,0,0,2,0,2,0,0,1,1,0,2,0,0,1,1,0,0,0,0,1,1,1,0,1
111,0,1,0,0,1,0,1,1,0,0,0,0,1,2,1,0,1,0,0,2,2,1,2,2,1,1,2,3,0,1,0,1,2,0,1,1,2,0,0,2,2,0,2,1,3,2,4,0,1,1,2,2,1,1,2,1,1,0,0,2,1,0,0,0,0,1,1,1,0,1,1,1,0,0,2,1,1,0,0,1,3,0,1,1,0,0,1,0,1,0,1,1,5,0,0,0,0,1,2,2,1,3,1,0,0,2,3,2,1,0,33,1,3,2,0,0,0,0,0,3,1,1,0,0,2,1,1,1,2,0,0,1,1,0,0,3,2,3,2,2,0,1,2,1,0,1,1,0,0,3,1,1,3,3,2,0,1,2,1,0,2,0,0,0,2,1,0,0,3,1,1,1,1,1,0,2,0,2,3,3,3,1,0,0,2,1,2,0,0,1,0,2,0,1,3,1,0,1,0,1
112,0,0,0,0,2,0,1,0,1,0,1,3,1,1,1,0,2,0,0,1,1,0,1,2,1,1,1,0,0,1,2,2,0,0,1,1,0,1,3,2,0,1,0,1,0,1,0,1,1,1,0,0,0,1,1,1,1,1,1,0,0,2,0,1,0,1,0,1,0,3,1,3,4,0,1,1,0,0,0,0,0,1,0,1,1,0,3,0,0,1,1,2,1,1,1,0,3,1,2,0,2,4,0,0,1,1,3,0,1,0,1,25,2,1,0,1,0,1,1,1,2,1,2,2,2,1,0,1,0,2,1,0,0,0,0,0,1,0,0,0,3,0,1,1,0,0,1,1,1,1,0,0,3,1,1,0,1,2,0,0,1,0,0,0,0,0,1,1,0,1,1,0,1,0,1,0,1,1,1,1,0,0,0,1,0,1,0,3,0,2,0,0,0,0,1,0,0,3,0,0
113,0,1,0,0,1,0,3,0,0,0,1,1,0,3,0,1,0,1,0,0,2,0,2,1,0,1,0,0,1,3,1,1,0,1,3,0,0,1,1,1,2,1,0,2,1,0,0,0,0,1,1,1,1,2,1,0,1,1,0,0,0,2,2,1,0,0,2,0,1,1,0,2,2,0,0,1,1,1,0,1,0,1,2,0,0,1,0,0,0,1,1,1,1,1,3,0,1,0,3,1,1,0,0,0,1,0,1,0,2,2,3,2,27,0,0,0,0,3,0,1,1,0,0,2,0,0,0,0,1,2,1,0,0,0,3,0,1,2,3,1,0,0,1,0,2,2,0,0,1,0,0,2,1,1,2,0,2,0,2,0,2,0,1,0,0,1,0,0,1,1,1,0,1,0,2,1,1,0,2,2,2,0,0,3,0,0,0,1,1,0,2,2,0,1,1,0,2,0,1,1
114,0,0,1,0,1,0,0,0,0,0,0,1,2,0,0,0,0,0,0,2,0,0,1,1,2,1,0,2,0,0,1,0,2,1,0,0,0,2,1,0,2,1,1,1,0,2,1,1,0,1,2,0,1,2,1,0,0,2,1,0,1,0,0,0,1,0,1,0,1,0,0,2,0,0,0,2,3,0,0,2,3,1,1,0,0,0,1,0,2,0,2,1,1,1,2,1,2,1,0,0,1,1,0,0,1,2,1,0,0,1,2,1,0,25,0,2,0,0,0,0,0,1,0,0,1,1,0,0,1,1,0,2,2,1,0,2,2,0,1,0,1,0,1,1,0,0,2,0,3,0,0,0,0,0,1,0,2,1,0,0,4,0,0,0,1,1,1,6,0,1,0,1,3,1,0,3,3,1,0,0,1,0,0,1,0,1,1,0,0,0,3,0,1,0,0,0,0,0,0,2
115,2,1,1,2,1,1,1,0,1,2,0,0,1,0,1,0,0,0,1,2,2,0,0,1,1,0,0,1,0,0,0,0,1,1,2,2,2,0,1,2,1,0,0,1,1,0,0,3,2,0,0,1,0,1,0,1,1,0,0,2,1,1,0,1,2,0,0,2,0,0,1,0,2,0,0,0,1,1,2,0,0,1,4,2,1,1,1,0,0,1,0,1,0,1,2,2,0,4,0,2,0,0,0,2,2,0,1,4,1,0,0,0,0,0,28,0,2,1,1,1,1,0,2,1,1,0,1,1,1,1,1,0,1,0,0,1,1,1,0,0,2,0,0,0,1,2,0,0,0,1,1,3,0,0,2,2,1,0,0,0,1,0,0,0,1,1,0,0,1,0,1,2,2,0,0,1,1,0,0,2,0,2,0,4,0,1,2,1,0,0,0,0,0,1,0,1,1,2,0,2
116,1,3,1,0,0,1,0,0,0,0,0,1,0,0,0,0,1,0,0,2,1,1,1,1,2,1,0,0,1,0,1,1,0,2,0,1,0,1,1,1,2,0,1,3,0,0,1,0,0,1,1,1,1,0,0,1,0,2,1,1,0,0,0,1,1,0,0,0,1,1,1,1,1,1,1,1,0,0,0,1,0,0,2,0,0,0,2,1,0,2,1,2,0,0,1,1,0,0,1,0,0,1,1,0,1,0,2,0,2,0,0,1,0,2,0,24,0,1,2,0,1,0,1,1,2,0,2,1,0,0,2,0,1,0,1,1,0,0,1,2,0,1,0,2,0,1,0,0,0,2,1,0,0,0,2,1,0,0,1,0,2,1,0,0,0,1,0,1,0,0,0,0,0,2,0,0,1,0,0,1,1,0,0,2,1,0,0,3,1,1,1,1,1,1,0,1,0,0,1,0
117,0,1,1,0,1,0,0,0,1,0,1,1,1,0,1,0,0,0,1,0,1,0,1,1,0,0,1,0,3,1,1,1,0,0,3,1,2,0,1,1,0,1,1,1,2,0,1,1,1,1,1,1,0,0,1,1,1,2,0,2,2,3,1,2,0,0,0,0,2,0,0,1,1,0,0,0,1,0,0,0,3,2,0,1,2,1,0,1,1,1,1,0,0,1,0,1,1,2,0,0,0,0,1,2,4,0,1,1,2,0,0,0,0,0,2,0,33,0,1,0,0,0,2,4,2,1,2,0,0,0,1,0,0,0,0,0,1,0,0,1,1,2,1,1,0,1,3,1,1,3,1,1,0,0,2,0,1,2,0,0,0,0,1,1,1,0,1,0,2,1,1,2,1,2,2,0,0,2,1,0,0,1,0,0,0,0,1,1,0,0,0,1,0,2,2,1,0,1,2,0
118,1,1,0,0,0,1,2,0,0,0,2,0,0,0,1,0,1,0,0,1,0,0,0,1,1,0,1,0,1,0,0,1,1,1,1,1,2,0,0,1,0,0,0,0,0,0,0,0,2,1,0,1,0,0,0,0,1,1,1,0,0,0,1,2,5,3,0,0,0,0,1,2,0,0,0,0,2,1,2,2,0,0,1,1,2,0,0,0,0,1,0,1,0,2,1,1,3,0,1,0,0,2,1,2,1,2,1,1,0,0,0,1,3,0,1,1,0,25,2,1,2,1,1,0,0,0,3,0,1,1,0,1,0,1,3,0,0,2,1,0,0,1,1,0,2,2,1,0,0,0,0,0,2,2,0,0,0,0,0,0,0,1,0,1,0,2,0,0,0,0,1,0,3,1,0,1,2,2,1,0,1,1,0,2,0,0,1,2,1,1,2,0,1,1,1,0,0,2,0,1
119,2,0,1,2,2,1,2,0,0,1,2,0,2,2,0,1,1,1,0,0,1,2,3,0,1,1,1,0,1,2,1,1,0,2,1,2,1,0,0,3,0,1,0,1,1,1,1,1,0,0,0,0,0,3,0,3,1,1,1,0,1,0,0,1,0,1,0,0,0,0,0,1,0,0,1,0,0,0,1,2,0,2,2,1,0,1,1,1,0,2,1,2,0,2,0,0,1,3,2,0,0,3,0,1,3,1,2,2,1,0,0,1,0,0,1,2,1,2,32,0,0,1,1,2,0,1,0,2,1,2,1,0,2,0,0,1,0,0,2,2,0,0,0,0,1,0,2,0,1,0,1,0,1,1,0,0,1,1,2,0,0,2,1,0,1,1,1,0,0,1,1,2,2,0,0,2,2,0,0,0,2,0,1,1,0,0,0,1,3,4,1,2,1,2,3,2,1,2,0,1
120,0,0,0,1,0,1,2,1,1,0,0,2,2,1,1,1,0,2,3,3,0,0,2,0,0,2,2,1,1,0,0,0,1,0,0,3,0,0,0,0,1,0,0,0,0,1,0,0,0,1,1,1,0,1,0,1,2,0,0,1,0,1,1,0,0,1,2,1,1,1,0,1,0,0,0,1,0,0,0,0,0,1,0,3,0,0,1,1,0,0,0,0,0,0,1,1,1,0,1,3,1,0,0,0,1,2,0,2,0,1,3,1,1,0,1,0,0,1,0,27,0,2,0,0,2,0,2,1,0,2,1,0,1,0,0,1,1,0,4,1,0,0,2,1,1,0,0,2,0,1,1,1,1,2,2,0,1,2,1,0,1,1,0,0,1,1,2,2,2,0,1,1,0,3,1,2,0,0,1,1,1,1,1,1,0,2,0,0,0,1,1,1,0,0,1,0,3,0,0,1
121,0,0,1,0,0,1,2,1,0,1,0,0,2,3,0,0,1,0,1,0,0,0,1,0,0,2,1,0,1,0,0,0,1,0,0,0,1,2,1,0,0,0,1,0,1,0,0,0,0,0,1,1,0,1,0,0,0,0,0,5,1,1,2,0,3,0,0,2,0,1,0,0,1,1,3,0,0,0,1,0,1,0,0,1,1,0,2,1,0,2,0,1,0,1,1,0,0,1,0,0,0,1,0,1,0,2,2,2,1,0,1,2,1,0,1,1,0,2,0,0,25,1,1,1,1,0,2,0,0,0,1,0,1,1,2,0,0,1,2,0,0,1,1,0,1,1,0,1,0,0,2,0,1,2,3,2,1,0,0,0,1,0,0,1,0,1,0,0,1,0,0,1,1,1,0,1,0,1,1,1,0,0,0,1,0,1,2,2,0,0,0,0,1,1,3,1,0,1,0,0
122,1,0,0,0,0,1,1,1,0,0,0,0,3,0,1,0,1,0,1,0,0,1,3,1,0,1,0,0,0,0,0,0,1,0,0,0,0,0,0,0,0,1,0,1,0,0,0,0,1,2,0,0,2,2,2,2,0,0,0,0,2,0,0,1,2,2,0,1,1,2,0,1,1,0,0,0,1,0,0,0,0,0,0,2,1,0,4,2,1,2,0,1,0,1,1,0,0,0,1,1,1,0,0,0,4,3,0,1,1,1,1,1,0,1,0,0,0,1,1,2,1,25,0,1,1,0,1,1,1,0,0,0,0,0,0,4,1,1,1,0,2,1,0,0,0,0,2,1,0,1,0,0,0,2,0,0,0,0,0,0,0,0,2,2,0,0,0,0,2,0,1,1,1,0,2,1,2,0,1,0,2,0,0,0,0,1,2,0,0,0,0,2,0,0,2,1,1,0,0,0
123,0,2,2,0,3,2,1,0,2,2,2,1,0,0,0,1,0,0,2,1,2,0,1,2,1,0,2,1,1,1,0,0,0,1,1,1,0,1,0,2,0,0,1,0,1,0,2,2,2,0,0,0,3,1,0,2,0,0,0,0,0,1,0,2,1,1,3,0,0,1,0,1,2,2,1,2,2,1,0,0,0,2,0,2,2,0,0,1,2,1,1,0,0,0,1,0,1,1,0,0,2,1,0,2,1,0,0,1,1,0,0,2,0,0,2,1,2,1,1,0,1,0,32,1,1,2,1,0,0,2,2,0,1,0,0,0,2,1,2,3,4,1,1,2,1,1,0,0,0,3,1,0,2,1,1,1,0,0,1,1,1,1,0,1,1,0,0,1,1,0,1,1,0,1,2,0,0,0,0,0,2,0,1,0,3,0,0,3,2,1,1,0,0,2,1,1,0,1,2,0
124,1,1,2,1,0,0,0,1,0,0,0,0,0,0,0,0,0,0,1,0,0,2,2,0,0,0,0,1,1,2,0,1,2,0,0,0,3,0,0,0,0,0,0,1,0,0,0,1,0,1,0,0,0,1,0,0,0,3,0,0,0,0,0,0,1,0,2,0,1,1,0,0,1,1,0,0,2,1,0,3,1,2,1,1,0,0,1,1,1,1,1,0,0,2,2,1,1,0,2,0,2,0,0,0,1,1,0,0,2,3,0,2,2,0,1,1,4,0,2,0,1,1,1,26,0,2,0,2,0,0,1,1,1,0,1,0,1,0,0,1,0,0,0,3,1,0,1,1,0,3,1,0,1,0,4,2,0,2,1,0,0,0,1,0,0,1,1,0,2,1,0,0,1,0,1,1,2,0,1,0,1,0,1,0,1,0,0,2,1,0,2,0,0,0,0,1,0,2,1,0
125,1,0,0,1,0,0,1,0,1,0,2,0,0,1,2,0,0,0,2,0,2,0,2,0,1,0,0,1,0,0,1,0,1,0,0,0,1,2,1,0,1,1,0,0,0,0,0,1,1,0,1,2,0,0,0,1,1,2,0,0,0,2,0,1,3,1,0,1,1,2,1,2,0,0,0,1,0,1,2,1,1,3,0,3,0,1,1,2,0,1,0,2,0,1,0,0,1,1,2,3,2,0,0,0,0,1,2,0,0,1,2,2,0,1,1,2,2,0,0,2,1,1,1,0,31,0,1,3,2,0,1,0,1,2,0,1,0,0,1,0,2,1,3,0,1,1,0,0,2,0,1,0,0,1,2,0,0,1,0,0,2,0,0,3,2,1,0,2,0,1,1,2,1,0,1,1,3,0,1,0,0,1,1,0,2,0,2,1,0,2,0,2,0,1,1,2,0,3,0,0
126,0,1,1,0,3,2,1,1,0,0,0,1,0,1,0,0,3,0,0,0,0,1,2,3,1,2,3,4,0,0,0,1,0,2,1,0,1,0,0,1,1,0,0,1,0,1,0,1,1,1,0,1,2,0,0,0,3,1,0,1,0,0,0,2,1,0,1,1,0,0,1,1,0,2,2,0,0,0,0,0,2,1,3,1,1,0,1,1,0,0,0,1,0,1,0,1,2,1,0,0,2,2,2,0,1,2,1,0,0,2,1,1,0,1,0,0,1,0,1,0,0,0,2,2,0,23,0,0,0,1,0,0,0,0,0,3,2,0,0,1,1,1,0,0,0,0,1,1,2,1,1,0,0,1,0,1,1,0,0,2,3,1,0,3,0,0,0,1,0,0,0,0,0,0,0,0,0,2,3,0,1,0,0,0,0,0,0,0,1,0,0,0,0,0,0,0,2,2,0,1
127,2,1,0,1,3,0,1,2,0,1,0,0,0,1,1,0,2,0,1,1,0,0,0,0,1,0,1,1,1,1,0,0,0,2,0,0,3,1,0,0,0,1,0,0,0,0,1,0,0,0,0,1,2,1,0,1,0,3,1,1,0,0,1,0,0,1,0,1,2,2,0,1,1,1,0,0,1,0,2,1,2,2,0,0,0,0,2,2,2,1,1,1,1,1,1,2,2,1,0,2,1,0,1,0,1,1,1,0,2,0,1,0,0,0,1,2,2,3,0,2,2,1,1,0,1,0,33,1,1,0,1,0,2,0,1,0,0,3,0,0,0,1,4,2,2,0,1,0,1,1,1,1,1,1,1,0,1,1,0,0,1,0,0,1,1,1,0,0,1,0,1,2,0,0,0,2,1,0,0,0,2,1,1,0,2,0,2,0,0,1,1,2,3,0,1,0,0,0,1,0
128,0,1,1,0,2,0,0,0,2,0,1,0,0,1,2,1,1,2,1,0,0,1,1,0,1,2,1,0,2,0,1,1,1,2,0,0,2,1,2,1,3,1,1,1,1,1,1,2,1,0,0,1,0,0,1,2,0,1,1,2,0,0,1,1,2,0,0,2,0,0,1,1,0,0,0,2,0,0,1,1,1,0,0,2,0,0,1,0,2,1,0,1,0,0,1,0,1,2,0,2,1,2,1,1,0,1,1,2,0,2,1,1,0,0,1,1,0,0,2,1,0,1,0,2,3,0,1,30,0,2,1,3,0,0,1,1,1,0,0,2,0,1,1,1,0,0,0,0,2,1,1,0,0,1,2,1,2,0,1,0,0,0,0,0,1,2,0,1,2,2,0,1,1,1,0,1,0,0,1,0,0,0,1,2,2,0,2,1,2,1,0,2,2,0,0,0,0,0,0,2
129,1,1,0,1,1,1,2,0,0,0,3,0,1,1,1,1,0,0,0,2,1,3,2,0,0,0,1,1,0,0,1,2,1,0,0,0,0,1,2,1,2,0,2,0,1,0,0,2,2,1,0,1,0,1,0,0,1,1,1,1,0,1,1,2,2,1,0,1,2,3,0,3,0,1,1,1,1,1,2,0,2,1,2,0,0,4,0,1,0,2,0,0,0,0,1,1,2,1,0,0,0,2,0,0,1,1,2,1,0,0,2,0,1,1,1,0,0,1,1,0,0,1,0,0,2,0,1,0,30,2,0,0,1,0,0,1,2,0,1,1,0,0,0,0,0,0,1,0,0,1,1,0,1,1,1,1,1,0,1,1,5,0,1,3,1,0,0,3,0,1,1,0,1,1,0,1,2,0,0,0,0,1,1,4,1,0,0,0,0,1,1,2,1,1,2,1,2,1,1,0
130,0,0,1,0,1,1,0,0,0,2,1,4,0,1,1,1,1,0,1,1,2,1,2,1,0,2,0,2,0,0,1,2,1,2,0,1,0,0,1,3,0,0,0,0,1,1,0,0,1,0,2,0,2,1,1,0,1,1,1,0,0,2,3,1,0,1,3,1,1,3,1,0,0,0,1,0,0,1,0,0,1,1,2,2,2,0,0,0,0,0,1,1,1,0,2,1,1,2,0,0,1,2,0,0,0,0,1,4,0,1,0,2,2,1,1,0,0,1,2,2,0,0,2,0,0,1,0,2,2,27,1,1,1,0,0,0,0,1,2,2,1,1,0,1,1,0,1,1,0,0,0,0,0,1,0,0,2,1,2,1,1,0,0,1,2,1,1,1,1,2,2,1,2,1,1,0,1,1,0,2,1,0,0,1,0,1,0,0,1,1,0,1,0,1,2,0,0,0,0,1
131,0,0,1,1,1,0,1,0,1,0,0,0,1,0,0,0,2,0,0,0,1,0,0,1,0,1,0,0,2,0,0,0,1,0,0,2,0,1,1,1,1,3,1,2,1,0,1,0,0,0,0,1,0,0,1,1,0,1,1,1,0,0,1,1,0,0,0,0,0,0,1,1,0,0,1,1,0,0,0,1,0,0,1,2,2,1,1,1,0,0,1,2,1,3,0,3,0,2,0,0,2,0,1,0,0,1,0,1,1,2,0,1,1,0,1,2,1,0,1,1,1,0,2,1,1,0,1,1,0,1,25,0,0,0,1,0,0,0,0,2,0,2,0,0,3,1,0,0,1,3,1,0,0,0,2,0,1,1,1,0,2,0,1,0,3,0,1,0,0,0,1,0,1,1,0,1,0,0,0,1,2,1,0,0,1,0,0,2,0,1,0,0,0,0,1,1,1,1,1,0
132,0,0,0,0,0,0,2,0,0,1,0,0,2,0,1,1,0,0,1,1,0,0,0,0,2,2,3,0,2,0,1,0,0,0,0,2,0,0,0,0,0,0,2,0,0,1,0,1,0,1,0,0,0,0,1,0,1,1,0,1,0,0,0,1,0,0,0,1,0,0,0,0,1,2,0,0,1,0,0,0,0,0,0,0,0,0,0,0,2,1,0,0,0,0,0,1,1,1,0,0,0,0,0,2,1,1,3,0,0,2,1,0,0,2,0,0,0,1,0,0,0,0,0,1,0,0,0,3,0,1,0,22,3,1,0,1,1,0,0,0,0,0,0,0,0,1,2,1,1,0,0,0,1,1,1,0,0,2,1,0,0,1,0,1,0,0,1,1,1,0,0,2,1,0,0,1,0,2,1,0,1,0,0,0,0,1,1,1,2,2,1,0,0,0,0,1,0,2,0,1
133,1,0,0,2,2,0,3,0,1,0,0,1,2,0,4,1,1,2,0,1,0,0,0,1,0,2,1,1,3,1,1,0,0,1,0,2,1,1,0,3,1,0,1,1,1,2,3,0,0,0,0,0,2,0,0,1,0,1,1,2,0,1,0,1,1,1,0,1,1,0,1,1,1,0,0,0,1,0,1,2,0,0,0,0,0,0,1,0,2,2,0,1,1,1,0,1,2,0,1,0,0,1,0,1,1,1,3,2,1,0,1,0,0,2,1,1,0,0,2,1,1,0,1,1,1,0,2,0,1,1,0,3,30,1,0,2,2,0,0,0,0,0,0,1,0,2,2,3,0,1,2,0,0,1,0,0,1,1,1,1,1,2,0,0,1,0,1,1,2,2,2,2,1,0,0,0,0,1,2,0,2,0,1,1,3,0,1,2,1,1,1,0,0,0,0,1,0,3,0,0
134,0,2,1,0,0,0,0,1,0,0,1,1,2,0,0,0,0,1,0,1,0,0,0,0,0,0,0,0,0,0,0,1,0,0,0,1,1,0,1,0,0,1,1,1,1,0,0,0,3,2,0,2,1,1,0,1,0,1,0,0,0,1,1,0,1,1,2,2,0,0,0,0,1,0,0,0,0,0,0,1,1,0,1,1,1,0,2,0,0,0,0,0,0,0,1,0,0,0,1,1,3,1,0,0,2,0,0,3,1,0,0,0,0,1,0,0,0,1,0,0,1,0,0,0,2,0,0,0,0,0,0,1,1,22,0,1,0,0,0,0,1,0,2,0,1,1,2,0,0,1,0,1,0,1,0,0,0,1,0,0,3,0,0,0,0,0,1,1,1,0,1,0,0,0,0,0,1,0,2,0,0,1,0,0,0,0,0,0,1,1,1,0,0,1,0,0,1,1,1,0
135,0,2,0,1,0,0,2,1,0,0,1,0,0,0,2,2,0,1,0,1,1,0,0,0,0,0,0,0,0,1,1,1,0,0,1,1,1,2,1,0,0,1,0,1,2,0,1,0,0,0,0,0,0,0,1,0,0,2,1,0,0,1,0,2,1,1,0,1,1,1,0,0,0,1,2,0,1,0,2,1,1,0,1,1,0,2,0,1,0,0,0,1,0,1,3,1,1,0,0,0,0,0,0,0,0,0,2,0,0,0,0,0,3,0,0,1,0,3,0,0,2,0,0,1,0,0,1,1,0,0,1,0,0,0,20,1,0,1,3,0,0,0,0,0,0,1,0,0,2,0,1,0,0,1,0,0,2,1,1,2,2,1,1,0,0,0,1,0,0,0,0,0,0,0,2,2,1,0,2,1,0,0,0,1,0,0,0,0,1,0,0,1,0,2,0,2,2,2,1,0
136,1,1,0,2,1,2,3,0,1,0,2,2,0,0,1,1,0,2,0,1,1,1,3,2,1,0,0,0,0,1,0,1,3,0,1,0,1,0,0,1,0,0,1,1,0,0,1,0,1,5,2,2,1,2,2,2,0,1,0,1,1,0,1,0,0,2,1,0,1,1,0,0,0,0,0,2,1,1,2,1,0,1,1,1,0,2,0,2,1,2,1,2,0,1,1,0,2,1,2,1,0,2,1,1,3,1,1,0,1,0,3,0,0,2,1,1,0,0,1,1,0,4,0,0,1,3,0,1,1,0,0,1,2,1,1,32,1,2,3,0,0,1,1,0,1,1,1,0,1,1,0,0,0,3,1,1,0,0,3,0,2,1,0,0,0,2,1,1,0,2,0,1,1,1,1,1,2,0,1,1,2,1,0,0,1,1,2,0,0,1,2,2,0,0,2,0,2,2,0,2
137,1,1,0,2,1,0,2,1,0,2,1,0,2,1,1,1,2,2,0,0,2,2,2,2,2,4,0,3,0,0,0,0,2,0,0,2,0,1,1,0,1,0,3,0,0,1,0,0,1,0,0,2,1,1,1,0,0,1,0,0,3,2,1,1,0,0,0,0,0,2,0,1,0,1,1,0,1,1,0,1,3,0,3,1,2,1,0,1,4,1,0,1,0,0,0,1,1,0,0,0,3,2,0,0,1,0,1,1,0,0,2,1,1,2,1,0,1,0,0,1,0,1,2,1,0,2,0,1,2,0,0,1,2,0,0,1,27,1,1,0,0,0,1,0,0,1,3,0,0,2,1,0,0,1,2,1,0,0,0,0,0,1,1,2,1,0,0,3,2,1,0,1,2,1,0,1,1,1,1,0,0,1,1,1,0,0,1,1,0,0,1,0,1,0,0,0,3,2,0,0
138,1,1,1,0,0,0,0,0,0,0,1,0,0,2,2,2,0,1,0,0,0,0,1,0,1,1,1,2,0,0,0,0,1,1,1,1,3,1,0,1,0,0,0,0,1,0,2,0,0,0,1,2,1,1,2,0,1,1,0,1,2,0,0,0,1,2,0,1,0,1,1,0,2,1,2,0,0,0,0,1,2,2,1,0,1,1,1,0,2,0,0,2,1,1,3,1,3,0,0,0,0,2,1,1,1,1,1,1,2,1,3,0,2,0,1,0,0,2,0,0,1,1,1,0,0,0,3,0,0,1,0,0,0,0,1,2,1,24,0,2,0,0,0,1,1,0,1,0,0,2,1,0,1,0,1,0,0,1,1,0,0,0,0,0,0,1,1,0,0,1,0,1,0,2,0,0,1,0,0,2,1,2,0,0,0,1,2,1,0,1,0,2,1,0,2,0,1,1,0,1
139,1,1,0,1,0,2,3,0,2,0,1,3,0,1,0,1,0,0,1,0,0,0,2,0,0,2,1,2,2,1,0,0,1,1,1,0,1,0,0,3,0,0,1,0,0,1,1,1,1,0,0,1,2,2,0,2,2,1,1,1,0,1,0,0,0,2,1,1,1,0,1,1,0,0,2,1,1,1,1,1,0,0,2,2,0,1,2,2,2,2,2,2,1,1,2,0,1,1,2,0,0,5,0,2,0,1,0,2,0,0,2,0,3,1,0,1,0,1,2,4,2,1,2,0,1,0,0,0,1,2,0,0,0,0,3,3,1,0,33,1,1,2,1,2,1,0,0,1,0,3,3,0,0,4,1,2,0,0,1,0,1,1,1,0,0,0,1,2,0,0,3,3,2,0,2,1,0,1,1,0,4,0,2,1,0,0,0,1,1,0,0,1,0,1,1,1,2,3,0,0
140,1,1,1,0,2,2,1,0,0,1,1,0,1,2,0,0,0,0,1,0,1,2,2,1,0,0,1,1,0,1,0,1,2,0,0,1,0,0,2,1,0,1,1,0,1,3,3,1,1,0,1,1,1,0,1,0,1,1,1,3,0,0,0,0,0,2,2,1,0,0,0,1,1,1,1,1,0,2,0,0,1,0,1,2,0,2,2,0,0,0,2,0,1,0,2,1,1,0,2,0,2,0,0,1,1,1,1,2,1,1,2,0,1,0,0,2,1,0,2,1,0,0,3,1,0,1,0,2,1,2,2,0,0,0,0,0,0,2,1,32,0,2,2,3,1,1,0,1,1,1,2,1,0,1,0,0,1,1,0,0,0,0,0,1,1,0,1,0,1,1,1,0,1,1,2,0,0,1,1,3,0,0,1,0,2,1,1,0,2,1,2,0,0,2,0,2,2,0,1,0
141,0,0,1,1,0,0,1,1,2,1,1,0,0,0,0,0,0,1,2,2,0,1,2,1,0,1,0,2,1,0,2,0,0,1,1,1,2,1,1,1,0,1,0,0,1,2,2,0,1,2,1,1,1,0,0,1,0,0,2,0,1,0,0,0,1,3,1,3,0,0,0,0,2,0,0,2,0,0,2,2,0,2,0,2,0,1,1,0,0,0,2,1,2,0,1,0,3,2,0,2,2,0,0,1,0,1,2,1,1,0,0,3,0,1,2,0,1,0,0,0,0,2,4,0,2,1,0,0,0,1,0,0,0,1,0,0,0,0,1,0,28,1,1,1,0,3,1,2,2,0,0,3,0,1,3,1,0,2,1,1,2,1,0,1,2,0,2,1,3,1,1,0,2,0,3,1,1,0,0,0,0,0,1,2,0,0,1,2,1,0,1,0,1,1,1,0,1,1,1,0
142,0,2,0,1,0,0,1,2,0,1,0,2,0,1,0,0,2,2,0,1,0,0,1,1,1,2,1,1,1,0,0,1,2,1,2,1,1,1,0,2,0,1,1,1,1,1,0,0,0,2,0,1,0,1,0,0,0,1,0,1,0,0,1,1,2,3,0,0,1,1,0,0,0,0,0,0,0,0,0,0,2,0,0,1,1,0,1,0,0,0,2,2,0,2,0,0,0,2,1,1,2,1,2,1,1,0,1,1,1,0,1,0,0,0,0,1,2,1,0,0,1,1,1,0,1,1,1,1,0,1,2,0,0,0,0,1,0,0,2,2,1,31,1,3,1,0,2,0,1,0,1,1,0,1,0,1,1,0,1,1,0,1,0,0,0,0,3,0,1,1,1,1,0,0,1,1,0,0,0,0,0,0,1,1,2,0,2,1,0,0,1,1,0,0,2,2,1,1,0,0
143,1,3,0,1,2,0,0,1,0,0,1,1,0,1,0,0,2,1,1,0,2,0,0,1,1,2,1,0,1,0,0,0,1,0,0,0,1,0,0,0,0,1,2,1,1,1,1,1,0,0,0,1,2,0,2,1,0,2,0,2,0,1,0,0,0,2,1,3,0,0,1,0,0,1,0,1,0,2,1,3,2,2,1,2,0,1,2,0,1,0,0,0,2,1,2,0,0,0,0,1,0,2,0,0,2,3,2,1,0,0,2,1,1,1,0,0,1,1,0,2,1,0,1,0,3,0,4,1,0,0,0,0,0,2,0,1,1,0,1,2,1,1,31,1,1,0,0,1,1,1,1,2,1,2,1,0,0,2,1,1,0,1,1,1,1,1,1,0,0,0,2,0,0,2,0,1,1,0,0,0,0,0,1,0,1,0,1,0,1,0,2,3,1,2,4,3,0,0,0,1
144,0,2,1,1,0,1,1,1,0,0,0,2,0,0,1,0,1,0,2,0,1,1,2,1,0,1,1,1,2,1,1,1,2,4,0,0,2,0,1,1,1,0,2,0,2,1,1,4,0,1,0,0,0,1,1,0,1,1,2,0,0,2,0,1,1,0,1,1,1,2,0,0,0,0,0,0,0,4,3,1,1,0,1,2,1,1,2,2,1,0,0,2,1,3,1,0,1,0,1,0,1,2,1,1,0,1,0,2,3,0,1,1,0,1,0,2,1,0,0,1,0,0,2,3,0,0,2,1,0,1,0,0,1,0,0,0,0,1,2,3,1,3,1,35,2,0,0,0,0,2,0,0,0,1,3,1,1,3,1,0,1,2,1,0,1,0,0,0,1,1,1,0,1,0,1,0,0,2,1,0,0,2,0,0,1,1,1,1,1,0,2,0,3,2,1,1,2,1,4,0
145,0,0,0,0,0,1,0,0,0,0,0,3,1,2,0,1,2,0,0,2,1,0,0,0,0,0,0,2,0,0,0,0,1,0,1,0,0,0,1,1,0,2,0,1,0,0,1,0,0,1,0,1,1,0,0,2,1,2,1,0,0,1,1,0,2,0,1,0,0,1,0,0,1,0,0,0,0,1,0,1,2,2,1,1,1,2,0,0,0,0,0,0,1,4,2,1,1,1,2,0,1,0,2,1,1,1,1,0,1,2,0,0,2,0,1,0,0,2,1,1,1,0,1,1,1,0,2,0,0,1,3,0,0,1,0,1,0,1,1,1,0,1,1,2,28,1,1,0,0,2,1,1,0,0,0,1,2,1,0,0,1,1,1,0,0,0,3,0,0,0,2,2,2,0,1,1,2,1,1,0,2,0,0,1,1,0,3,0,1,0,3,3,2,0,2,0,1,1,1,0
146,0,1,1,1,1,0,1,0,2,2,2,4,3,0,0,2,1,0,0,0,2,1,1,1,1,0,0,0,1,1,0,2,0,1,0,3,2,0,1,1,0,2,1,1,1,2,1,1,1,2,1,0,0,0,2,0,1,0,0,1,1,0,2,1,2,3,3,1,1,0,0,2,0,2,2,0,1,0,1,1,0,1,0,0,2,0,1,0,2,2,0,2,2,3,1,2,2,2,1,1,0,0,1,1,2,0,1,2,2,0,1,0,2,0,2,1,1,2,0,0,1,0,1,0,1,0,0,0,0,0,1,1,2,1,1,1,1,0,0,1,3,0,0,0,1,33,2,0,0,0,0,0,0,1,2,0,0,1,0,0,0,3,0,0,0,0,2,0,2,1,1,0,1,0,2,1,1,1,0,3,0,2,0,2,2,0,0,0,2,1,4,2,0,0,0,0,0,1,0,1
147,0,1,1,0,1,0,3,1,0,1,0,0,1,1,0,0,2,0,0,0,0,1,2,2,1,1,1,1,1,1,1,1,1,0,0,1,1,0,1,1,2,2,1,0,1,1,2,1,0,2,0,1,1,1,0,1,0,1,1,1,2,2,0,0,1,1,0,0,1,0,0,1,0,0,1,1,0,0,0,2,3,0,0,0,2,0,0,1,3,0,0,1,0,1,1,1,0,0,0,1,1,3,2,1,3,0,0,0,0,1,1,1,0,2,0,0,3,1,2,0,0,2,0,1,0,1,1,0,1,1,0,2,2,2,0,1,3,1,0,0,1,2,0,0,1,2,31,0,2,1,1,1,0,0,2,0,1,1,0,0,0,3,1,2,0,0,3,1,0,2,1,1,2,1,1,0,2,1,2,0,0,1,0,0,1,1,0,0,0,2,1,1,0,0,2,0,1,0,1,0
148,0,1,0,0,0,0,2,0,0,0,0,0,1,0,1,0,0,0,0,0,0,0,1,0,1,0,0,0,3,0,1,0,0,0,0,0,0,0,1,0,0,0,0,0,0,1,0,1,0,0,0,0,0,0,1,1,0,0,1,1,0,0,1,0,0,2,1,1,0,0,0,1,1,0,0,0,0,0,0,1,0,1,0,0,0,0,1,0,1,1,0,0,1,0,0,0,1,0,1,1,0,0,0,0,0,0,1,0,0,1,0,1,0,0,0,0,1,0,0,2,1,1,0,1,0,1,0,0,0,1,0,1,3,0,0,0,0,0,1,1,2,0,1,0,0,0,0,14,0,1,1,1,0,1,1,0,0,0,1,1,0,0,0,0,0,0,0,0,0,1,1,2,0,0,1,0,0,0,2,0,0,0,0,1,0,1,1,0,0,0,0,0,0,0,0,0,0,0,0,1
149,0,2,1,0,2,2,0,1,1,1,1,1,0,0,1,0,0,0,1,1,1,1,1,1,1,0,0,0,0,1,2,0,0,0,0,0,2,1,0,0,1,1,0,0,1,0,3,0,1,1,1,0,1,1,0,1,2,0,1,0,1,0,0,1,0,0,0,0,1,1,1,0,0,0,0,1,2,2,0,2,3,1,2,1,2,2,0,1,0,0,0,0,1,3,0,0,2,2,0,2,1,3,1,0,0,1,2,0,0,0,0,1,1,3,0,0,1,0,1,0,0,0,0,0,2,2,1,2,0,0,1,1,0,0,2,1,0,0,0,1,2,1,1,0,0,0,2,0,31,0,0,1,0,2,1,1,2,2,0,0,2,0,1,1,4,1,2,2,1,1,2,0,2,0,1,1,2,1,3,1,1,1,1,2,3,1,1,1,1,0,0,0,0,0,0,1,0,0,1,0
150,1,1,0,1,0,1,0,0,3,0,2,3,0,0,0,0,2,1,0,2,1,1,1,0,1,0,4,3,1,0,1,0,1,0,0,0,2,0,1,2,0,0,1,2,1,1,3,0,2,2,1,0,5,1,1,3,1,2,0,1,2,0,0,0,0,1,0,1,1,1,1,1,0,0,2,0,0,1,0,0,1,3,3,1,1,0,0,0,4,3,2,3,1,3,1,0,2,0,1,0,0,3,2,2,0,0,0,2,1,0,3,1,0,0,1,2,3,0,0,1,0,1,3,3,0,1,1,1,1,0,3,0,1,1,0,1,2,2,3,1,0,0,1,2,2,0,1,1,0,34,2,0,0,0,0,1,0,1,1,0,1,0,0,1,1,1,2,3,0,1,3,0,0,1,1,0,1,0,1,1,3,0,0,0,1,1,1,1,0,0,1,0,1,0,1,0,1,1,1,0
151,0,0,1,1,1,2,3,1,0,1,0,1,1,2,1,0,1,1,2,1,0,1,2,1,0,0,1,1,3,0,1,0,1,0,0,0,1,1,1,1,0,2,0,0,2,1,0,1,0,0,1,0,0,1,0,1,1,0,0,2,1,0,1,0,1,1,1,1,0,0,1,2,0,0,1,0,0,1,2,1,2,1,1,2,1,1,1,1,1,2,0,0,0,1,0,0,2,1,0,0,0,0,1,2,0,0,1,1,1,1,1,0,0,0,1,1,1,0,1,1,2,0,1,1,1,1,1,1,1,0,1,0,2,0,1,0,1,1,3,2,0,1,1,0,1,0,1,1,0,2,26,1,0,1,0,0,2,1,1,0,1,1,0,1,0,0,0,1,1,0,2,0,0,1,0,0,0,0,2,1,2,0,0,1,2,1,0,1,0,0,0,1,0,1,2,0,1,3,0,0
152,0,0,0,0,0,0,2,0,1,1,0,0,1,1,1,0,0,0,1,0,1,1,0,0,1,1,0,0,0,1,0,0,0,1,1,0,0,0,1,0,1,0,0,0,1,1,0,0,2,2,2,0,0,0,0,0,2,1,0,0,0,0,1,0,3,0,0,1,0,1,0,1,0,0,0,0,1,2,1,2,4,0,2,1,1,0,0,1,0,0,0,0,2,2,0,2,0,1,1,1,0,0,1,2,0,0,0,0,0,0,1,0,2,0,3,0,1,0,0,1,0,0,0,0,0,0,1,0,0,0,0,0,0,1,0,0,0,0,0,1,3,1,2,0,1,0,1,1,1,0,1,23,1,1,2,0,1,1,3,0,1,1,1,0,1,1,0,1,1,0,2,0,0,0,1,0,0,0,0,1,0,0,0,1,0,1,1,0,0,0,0,4,0,0,0,1,0,0,0,0
153,0,1,1,0,3,0,1,1,0,1,2,0,2,3,1,0,0,1,1,1,0,1,2,0,0,1,0,0,1,2,0,1,0,0,2,1,0,0,2,1,1,0,1,0,0,1,0,0,0,2,2,1,0,1,1,0,0,0,0,0,1,2,0,0,2,0,1,0,0,0,0,1,1,1,0,1,1,0,0,0,0,1,0,0,0,1,0,0,1,1,1,0,0,0,2,1,0,0,0,1,1,0,0,1,0,1,1,0,1,0,3,3,1,0,0,0,0,2,1,1,1,0,2,1,0,0,1,0,1,0,0,1,0,0,0,0,0,1,0,0,0,0,1,0,0,0,0,0,0,0,0,1,20,1,0,0,0,2,0,0,0,0,2,0,0,0,0,0,1,1,0,0,0,0,0,0,0,0,2,2,0,0,0,1,1,0,0,1,0,0,0,0,0,2,0,2,0,2,0,0
154,0,2,1,0,0,1,2,2,0,0,1,1,1,0,0,0,0,1,1,1,1,2,1,0,0,0,0,0,1,0,2,0,1,0,0,0,2,2,0,1,0,0,1,0,2,0,0,0,1,2,0,1,0,3,1,2,0,2,0,1,0,1,1,0,2,0,0,1,2,0,1,0,1,0,1,1,0,0,2,1,0,2,0,0,1,0,1,3,0,0,0,1,1,1,0,0,0,0,1,0,1,1,0,0,2,1,1,1,0,1,3,1,1,0,0,0,0,2,1,2,2,2,1,0,1,1,1,1,1,1,0,1,1,1,1,3,1,0,4,1,1,1,2,1,0,1,0,1,2,0,1,1,1,28,0,1,1,0,3,1,1,1,0,2,1,0,1,2,1,2,0,0,0,0,1,1,0,0,5,0,0,1,0,1,0,1,1,3,0,1,0,1,1,0,1,2,0,1,0,1
155,1,1,1,0,1,0,1,0,0,1,0,1,3,2,0,0,0,0,2,1,0,1,1,0,2,2,1,0,1,0,0,2,0,0,0,3,3,0,0,1,2,1,1,0,1,2,1,2,1,1,1,4,0,0,0,1,1,1,0,0,0,1,1,0,0,1,1,0,0,2,1,2,0,0,0,0,1,1,0,2,0,0,1,1,2,2,1,2,0,1,2,0,2,1,1,2,2,0,0,1,1,1,0,0,0,0,2,1,2,2,2,1,2,1,2,2,2,0,0,2,3,0,1,4,2,0,1,2,1,0,2,1,0,0,0,1,2,1,1,0,3,0,1,3,0,2,2,1,1,0,0,2,0,0,31,0,1,0,1,0,0,0,2,0,0,2,0,1,1,0,1,0,2,0,2,1,0,1,0,0,1,1,1,1,2,0,1,1,0,0,1,1,0,1,3,1,1,2,2,0
156,0,2,0,1,0,1,0,1,0,0,0,2,0,0,0,1,0,1,0,0,0,2,0,0,0,0,2,1,2,3,0,0,2,1,0,0,1,2,0,1,0,0,1,0,2,1,1,2,0,1,0,0,2,3,0,3,0,0,0,3,1,1,0,2,0,0,1,0,0,2,0,0,2,1,1,0,0,1,2,1,0,0,1,1,1,0,0,0,0,1,0,0,0,1,1,1,1,2,0,0,1,1,1,1,0,0,1,1,0,0,0,0,0,0,2,1,0,0,0,0,2,0,1,2,0,1,0,1,1,0,0,0,0,0,0,1,1,0,2,0,1,1,0,1,1,0,0,0,1,1,0,0,0,1,0,22,0,0,0,0,0,1,0,1,0,1,0,0,2,1,0,0,1,1,1,0,0,0,0,0,1,1,0,0,2,0,2,1,0,1,1,1,1,0,0,0,0,2,0,1
157,0,1,1,1,1,0,1,1,0,0,0,2,0,0,1,1,2,1,1,0,2,2,0,0,0,1,2,3,1,1,2,1,1,0,1,0,2,2,2,3,1,3,0,1,0,0,2,0,1,1,0,0,2,1,0,0,2,0,3,1,1,1,0,3,1,0,2,0,0,0,2,1,0,1,1,3,0,0,0,0,0,1,1,2,0,1,0,0,1,2,0,1,3,2,2,2,0,1,2,2,0,4,0,0,1,0,2,1,1,0,1,1,2,2,1,0,1,0,1,1,1,0,0,0,0,1,1,2,1,2,1,0,1,0,2,0,0,0,0,1,0,1,0,1,2,0,1,0,2,0,2,1,0,1,1,0,32,2,1,0,1,1,1,1,0,1,2,0,2,0,0,1,1,1,1,3,0,1,4,1,2,0,0,4,1,0,0,1,0,2,0,0,1,0,0,2,1,2,2,0
158,0,2,1,1,0,0,1,2,0,0,2,3,0,1,2,3,1,0,1,0,0,1,0,1,0,1,4,2,1,1,3,0,1,0,0,0,2,1,1,3,2,0,0,1,1,1,0,0,0,3,2,2,0,1,0,0,2,0,2,2,1,1,0,1,0,0,1,2,0,1,1,0,0,2,0,1,0,2,3,0,2,1,1,2,2,0,1,1,2,1,0,0,1,1,1,2,3,3,1,1,1,0,2,0,1,2,2,1,1,0,2,2,0,1,0,0,2,0,1,2,0,0,0,2,1,0,1,0,0,1,1,2,1,1,1,0,0,1,0,1,2,0,2,3,1,1,1,0,2,1,1,1,2,0,0,0,2,35,0,0,2,3,0,0,2,0,1,4,1,1,0,1,1,2,2,0,1,1,0,2,1,2,1,1,2,1,0,1,1,0,2,0,0,1,1,2,1,1,0,2
159,0,1,0,0,0,0,0,0,0,0,1,2,1,2,1,0,2,1,1,1,1,3,1,0,0,0,0,0,1,0,2,0,0,0,0,1,0,2,0,1,2,2,1,1,3,0,0,0,0,1,0,1,0,1,0,0,0,2,1,1,0,0,2,0,0,1,0,0,0,1,0,0,1,0,0,2,1,2,0,3,0,4,1,0,0,1,0,0,2,0,0,1,1,1,0,0,2,0,2,0,1,4,1,1,1,0,0,2,0,1,1,0,2,0,0,1,0,0,2,1,0,0,1,1,0,0,0,1,1,2,1,1,1,0,1,3,0,1,1,0,1,1,1,1,0,0,0,1,0,1,1,3,0,3,1,0,1,0,26,0,0,0,0,0,0,1,2,1,1,0,2,0,0,0,1,1,0,0,0,1,1,0,0,0,1,2,2,2,1,2,0,2,0,0,0,0,2,0,1,0
160,0,0,1,0,0,1,0,1,0,0,0,1,1,0,1,2,2,2,1,0,0,0,1,1,1,0,0,1,0,0,1,0,0,3,0,1,0,0,0,0,0,0,0,2,2,0,1,1,2,0,0,0,0,0,0,1,2,2,0,0,1,0,0,1,0,1,1,0,0,0,0,0,2,1,1,0,0,1,3,0,2,3,0,0,1,0,0,0,0,1,0,0,0,2,0,0,2,0,0,1,1,0,0,0,1,1,0,1,0,0,0,0,0,0,0,0,0,0,0,0,0,0,1,0,0,2,0,0,1,1,0,0,1,0,2,0,0,0,0,0,1,1,1,0,0,0,0,1,0,0,0,0,0,1,0,0,0,0,0,20,2,0,0,1,0,0,2,1,1,0,0,1,0,0,0,0,0,0,1,0,1,0,0,0,0,1,1,0,1,0,0,0,0,0,2,1,2,0,0,0
161,1,0,0,2,1,0,1,0,0,0,2,1,1,0,3,1,2,0,1,2,2,1,1,1,0,3,1,2,0,0,2,2,0,2,0,1,1,1,2,0,0,0,1,2,2,0,1,0,2,2,0,1,1,0,1,0,2,0,2,0,0,0,0,2,1,0,0,0,0,1,0,0,0,0,1,1,1,1,1,1,1,2,6,2,0,0,0,0,0,1,1,2,2,0,1,1,1,1,1,3,1,1,0,1,0,1,0,2,1,1,2,1,2,4,1,2,0,0,0,1,1,0,1,0,2,3,1,0,5,1,2,0,1,3,2,2,0,0,1,0,2,0,0,1,1,0,0,0,2,1,1,1,0,1,0,0,1,2,0,2,32,0,0,1,2,1,1,3,0,0,0,0,2,0,0,2,3,0,3,0,1,1,1,1,2,0,0,0,1,0,0,0,1,0,0,1,0,2,0,1
162,1,0,0,1,1,1,0,0,0,1,1,0,0,2,2,1,1,2,0,2,0,0,1,1,0,0,3,1,0,1,1,0,1,0,1,1,0,1,1,1,1,1,1,0,2,0,0,1,0,1,1,0,1,1,1,1,0,0,1,1,0,0,0,0,0,1,0,0,1,0,1,1,0,2,0,0,1,1,2,0,1,1,2,1,1,1,0,2,1,0,0,0,1,0,0,1,0,0,2,1,1,0,0,0,0,2,2,1,1,0,0,0,0,0,0,1,0,1,2,1,0,0,1,0,0,1,0,0,0,0,0,1,2,0,1,1,1,0,1,0,1,1,1,2,1,3,3,0,0,0,1,1,0,1,0,1,1,3,0,0,0,25,1,0,1,0,0,1,0,2,0,0,0,1,0,0,0,1,2,1,1,1,2,2,1,0,0,1,0,0,1,0,1,2,0,0,1,1,0,1
163,1,0,1,0,0,0,0,0,2,1,1,0,3,0,0,0,0,0,1,0,0,0,1,0,0,0,1,0,1,0,0,0,1,0,0,1,1,0,0,1,0,0,3,1,0,0,0,0,0,1,1,0,2,0,1,1,1,0,0,1,1,1,0,1,0,2,0,1,0,1,1,0,1,0,0,1,0,1,0,0,1,0,2,1,1,1,0,3,1,1,0,0,0,0,1,0,1,0,0,0,0,0,0,1,2,2,2,0,1,0,0,0,1,0,0,0,1,0,1,0,0,2,0,1,0,0,0,0,1,0,1,0,0,0,1,0,1,0,1,0,0,0,1,1,1,0,1,0,1,0,0,1,2,0,2,0,1,0,0,0,0,1,21,0,2,0,0,0,1,2,1,1,0,0,1,1,1,1,0,0,2,0,0,0,0,0,0,0,0,0,0,1,0,1,0,2,1,1,1,0
164,2,0,0,2,0,0,1,0,1,0,0,0,1,1,0,0,2,0,1,0,0,1,3,2,0,0,1,1,0,0,1,1,1,0,0,1,0,1,1,0,1,1,0,0,0,2,0,1,1,1,0,0,0,0,0,1,0,1,1,0,1,0,0,3,1,1,0,2,1,1,0,0,1,1,1,0,0,0,1,0,2,0,0,0,2,0,0,1,0,0,0,1,0,0,1,1,0,0,0,0,1,1,1,1,1,1,0,1,0,2,0,0,0,0,0,0,1,1,0,0,1,2,1,0,3,3,1,0,3,1,0,1,0,0,0,0,2,0,0,1,1,0,1,0,0,0,2,0,1,1,1,0,0,2,0,1,1,0,0,1,1,0,0,26,1,0,0,0,1,1,0,1,0,1,1,1,0,0,1,1,0,1,0,1,1,0,0,0,1,0,2,1,2,0,1,3,0,2,0,0
165,1,0,0,2,3,0,0,0,1,0,1,0,2,2,0,1,1,0,2,2,2,1,1,1,1,1,0,0,0,1,1,0,2,1,0,0,3,0,0,1,1,1,1,0,0,0,1,0,0,1,2,0,1,0,0,1,2,0,2,1,1,1,1,1,0,0,0,1,0,0,1,1,0,0,0,1,0,0,2,1,0,0,1,1,2,0,2,0,2,0,1,0,2,1,1,1,2,2,0,1,1,0,2,1,0,2,0,1,0,1,2,0,0,1,1,0,1,0,1,1,0,0,1,0,2,0,1,1,1,2,3,0,1,0,0,0,1,0,0,1,2,0,1,1,0,0,0,0,4,1,0,1,0,1,0,0,0,2,0,0,2,1,2,1,26,1,1,1,0,0,2,1,0,2,0,0,0,1,1,1,2,2,0,1,4,1,1,1,0,2,0,0,1,0,1,2,0,1,0,0
166,2,0,0,2,1,0,1,1,0,1,0,0,0,1,1,0,0,1,0,3,1,1,0,0,1,0,0,0,1,0,1,0,1,1,0,2,1,0,0,1,2,1,0,1,1,1,2,0,0,1,0,1,0,0,0,0,1,3,0,1,0,0,1,0,1,2,0,1,1,0,0,0,0,0,0,1,0,2,1,2,0,1,0,0,1,0,0,0,1,0,1,0,0,1,0,0,0,1,1,2,2,1,0,0,0,0,0,0,1,0,1,0,1,1,1,1,0,2,1,1,1,0,0,1,1,0,1,2,0,1,0,0,0,0,0,2,0,1,0,0,0,0,1,0,0,0,0,0,1,1,0,1,0,0,2,1,1,0,1,0,1,0,0,0,1,22,1,1,1,0,1,0,1,2,0,0,2,2,0,1,0,1,0,3,0,0,2,1,1,2,0,4,0,1,1,0,0,0,0,1
167,1,0,2,1,0,1,2,1,1,1,0,3,1,1,1,1,3,1,0,2,1,2,1,0,0,0,0,1,0,0,1,0,0,1,0,0,0,0,0,1,0,0,0,0,0,1,3,0,0,2,2,1,0,0,0,1,1,2,1,0,0,0,0,0,1,0,1,0,1,2,0,0,0,1,0,0,0,0,1,1,1,2,3,0,1,1,0,1,1,0,1,1,3,0,2,0,0,4,1,1,0,1,1,0,1,0,0,0,0,1,0,1,0,1,0,0,1,0,1,2,0,0,0,1,0,0,0,0,0,1,1,1,1,1,1,1,0,1,1,1,2,3,1,0,3,2,3,0,2,2,0,0,0,1,0,0,2,1,2,2,1,0,0,0,1,1,26,1,0,0,0,0,1,1,1,1,0,0,0,1,0,1,0,0,2,0,3,0,3,1,1,0,0,0,1,0,3,1,0,0
168,1,0,2,1,1,3,1,2,1,0,1,2,0,2,2,2,1,0,1,1,1,1,2,0,0,1,1,2,1,0,1,0,2,2,0,1,0,2,0,0,3,0,1,0,1,1,0,0,2,0,1,1,0,0,0,1,1,1,1,0,3,0,1,0,1,0,0,1,0,1,0,1,0,2,0,0,0,1,1,2,1,1,1,0,2,2,0,1,0,1,1,1,1,0,1,0,2,0,0,0,2,0,0,1,0,1,0,3,0,0,0,1,0,6,0,1,0,0,0,2,0,0,1,0,2,1,0,1,3,1,0,1,1,1,0,1,3,0,2,0,1,0,0,0,0,0,1,0,2,3,1,1,0,2,1,0,0,4,1,1,3,1,0,0,1,1,1,31,0,1,1,1,1,0,0,0,3,0,0,0,2,0,1,2,0,2,0,0,1,1,0,0,1,0,0,0,0,2,1,0
169,0,0,1,1,1,0,0,0,2,1,0,0,3,1,1,0,0,0,1,0,2,2,3,0,1,2,1,0,0,1,0,1,1,0,0,0,1,0,1,1,1,2,0,2,1,0,0,1,0,3,1,0,1,1,1,0,0,0,1,0,1,2,1,1,3,1,0,0,0,0,0,0,1,0,2,1,2,2,2,0,3,1,0,0,0,0,0,0,1,0,1,2,0,0,1,1,0,1,0,3,1,1,0,0,2,2,2,3,1,0,3,0,1,0,1,0,2,0,0,2,1,2,1,2,0,0,1,2,0,1,0,1,2,1,0,0,2,0,0,1,3,1,0,1,0,2,0,0,1,0,1,1,1,1,1,2,2,1,1,1,0,0,1,1,0,1,0,0,29,0,1,0,2,0,2,0,1,0,0,1,2,1,0,1,2,0,0,3,0,0,1,0,0,0,1,1,2,0,0,0
170,0,0,1,0,0,0,2,0,0,0,0,1,0,2,1,2,0,0,2,0,0,0,1,0,0,2,1,2,0,0,1,0,1,0,0,1,2,1,0,1,1,1,1,1,4,0,1,1,0,0,1,0,2,2,1,1,0,0,0,1,2,0,0,1,0,0,0,0,2,0,0,0,1,1,2,0,1,0,2,1,1,2,1,2,0,0,0,0,1,3,1,0,0,1,0,0,1,2,3,1,1,1,0,1,2,0,0,0,0,1,1,1,1,1,0,0,1,0,1,0,0,0,0,1,1,0,0,2,1,2,0,0,2,0,0,2,1,1,0,1,1,1,0,1,0,1,2,1,1,1,0,0,1,2,0,1,0,1,0,0,0,2,2,1,0,0,0,1,0,24,0,1,0,1,0,1,1,1,1,1,1,1,0,0,1,1,0,3,0,1,1,0,1,0,0,0,1,2,1,2
171,1,0,0,0,1,1,0,0,1,0,0,0,0,0,1,1,0,0,0,1,0,1,1,0,0,0,1,2,3,1,1,1,0,1,0,1,1,1,0,1,1,0,1,1,1,1,1,1,0,1,0,0,2,0,0,1,1,1,0,0,0,0,0,0,0,2,0,1,2,2,2,2,0,1,1,0,1,1,0,1,2,0,1,1,2,0,0,0,1,0,4,0,0,0,1,0,2,0,0,2,2,0,2,1,0,2,1,2,0,1,1,1,1,0,1,0,1,1,1,1,0,1,1,0,1,0,1,0,1,2,1,0,2,1,0,0,0,0,3,1,1,1,2,1,2,1,1,1,2,3,2,2,0,0,1,0,0,0,2,0,0,0,1,0,2,1,0,1,1,0,28,0,1,0,0,1,0,3,1,0,2,0,0,1,2,0,2,3,1,1,3,1,1,1,1,1,0,2,1,1
172,0,0,0,0,0,0,2,1,1,0,1,0,2,0,0,2,1,0,1,1,0,0,2,1,1,3,1,0,0,0,1,2,1,1,0,1,1,0,0,1,1,0,1,0,0,2,1,1,1,0,0,0,0,1,0,0,0,0,0,3,3,2,0,1,0,0,1,1,1,0,2,1,2,0,2,0,1,0,0,0,2,0,2,1,1,0,0,0,2,4,1,0,1,0,0,1,0,1,0,0,1,2,3,0,1,2,0,3,0,0,1,0,0,1,2,0,2,0,2,1,1,1,1,0,2,0,2,1,0,1,0,2,2,0,0,1,1,1,3,0,0,1,0,0,2,0,1,2,0,0,0,0,0,0,0,0,1,1,0,1,0,0,1,1,1,0,0,1,0,1,0,25,1,0,0,1,1,1,0,1,2,1,0,2,0,0,1,1,0,1,0,0,0,1,1,2,1,1,0,1
173,1,1,0,1,1,0,0,0,1,0,1,0,3,2,0,1,2,0,0,1,0,2,2,1,2,3,0,1,1,0,1,1,1,0,0,0,1,0,0,1,0,0,1,0,0,0,0,1,0,0,0,0,0,0,0,0,2,1,0,2,1,1,0,2,5,2,1,0,1,0,0,3,1,0,0,0,0,1,1,1,1,1,2,2,0,1,0,0,3,1,0,1,0,0,1,0,3,0,0,0,2,2,0,1,0,0,2,1,1,0,1,1,1,3,2,0,1,3,2,0,1,1,0,1,1,0,0,1,1,2,1,1,1,0,0,1,2,0,2,1,2,0,0,1,2,1,2,0,2,0,0,0,0,0,2,1,1,1,0,0,2,0,0,0,0,1,1,1,2,0,1,1,27,2,1,1,3,0,1,0,2,0,1,0,1,0,1,1,0,0,0,1,1,0,1,0,0,1,0,2
174,0,0,2,0,0,1,1,0,1,0,0,0,0,0,0,0,1,0,0,0,0,0,1,0,0,0,1,2,0,1,0,0,1,1,0,0,1,4,1,1,0,0,1,1,1,1,0,1,0,0,0,1,0,0,1,1,1,0,1,1,1,0,1,1,2,0,1,0,1,0,0,0,0,1,1,0,1,1,1,1,2,0,0,2,0,0,1,0,0,3,1,1,1,0,0,0,0,1,3,0,0,1,0,1,0,2,1,0,1,0,1,0,0,1,0,2,2,1,0,3,1,0,1,0,0,0,0,1,1,1,1,0,0,0,0,1,1,2,0,1,0,0,2,0,0,0,1,0,0,1,1,0,0,0,0,1,1,2,0,0,0,1,0,1,2,2,1,0,0,1,0,0,2,24,1,1,1,0,1,2,0,1,0,0,0,0,1,0,1,1,2,3,1,1,2,0,0,0,0,1
175,0,0,0,1,0,1,1,0,1,2,0,1,3,2,0,1,0,1,0,1,0,2,1,1,0,1,0,1,0,0,1,0,0,0,0,0,0,0,1,0,1,1,0,2,2,0,1,0,2,1,0,2,1,2,0,0,0,0,2,0,1,2,0,1,0,1,1,1,0,0,1,1,2,0,0,0,1,0,0,1,1,1,1,2,1,0,0,1,0,1,1,0,0,0,2,1,0,0,1,0,2,1,0,0,1,1,1,1,1,0,0,1,2,0,0,0,2,0,0,1,0,2,2,1,1,0,0,0,0,1,0,0,0,0,2,1,0,0,2,2,3,1,0,1,1,2,1,1,1,1,0,1,0,1,2,1,1,2,1,0,0,0,1,1,0,0,1,0,2,0,0,0,1,1,27,0,0,1,0,1,1,2,0,1,0,1,1,0,0,0,1,1,1,3,1,1,2,0,1,0
176,0,1,2,0,0,1,1,2,0,0,0,0,1,1,1,1,2,0,0,0,0,2,0,0,0,1,1,1,0,0,1,1,1,0,0,0,1,3,2,1,2,1,2,1,0,0,0,1,0,3,1,1,1,1,2,2,0,2,1,0,0,0,2,1,1,0,1,1,0,0,0,0,1,2,0,0,3,0,0,0,3,2,0,1,2,1,0,1,1,1,2,3,2,4,0,1,0,0,1,1,1,3,0,1,0,0,3,1,0,0,2,0,1,3,1,0,0,1,2,2,1,1,0,1,1,0,2,1,1,0,1,1,0,0,2,1,1,0,1,0,1,1,1,0,1,1,0,0,1,0,0,0,0,1,1,0,3,0,1,0,2,0,1,1,0,0,1,0,0,1,1,1,1,1,0,29,5,1,0,1,0,0,0,0,0,0,3,1,0,1,2,0,0,1,0,1,2,2,0,0
177,0,1,2,0,0,0,1,1,0,1,1,0,1,1,0,0,0,0,0,0,0,0,2,0,1,1,0,1,0,0,1,1,0,0,1,1,1,2,1,0,1,0,1,1,0,0,0,0,1,1,0,0,0,2,1,0,0,3,0,1,4,0,1,1,2,1,1,0,0,0,2,2,0,2,2,0,1,1,0,1,3,1,2,3,2,0,0,0,0,2,0,1,0,0,2,0,1,0,1,1,1,0,1,2,3,1,1,0,1,0,0,1,1,3,1,1,0,2,2,0,0,2,0,2,3,0,1,0,2,1,0,0,0,1,1,2,1,1,0,0,1,0,1,0,2,1,2,0,2,1,0,0,0,0,0,0,0,1,0,0,3,0,1,0,0,2,0,3,1,1,0,1,3,1,0,5,27,0,0,1,1,0,0,1,0,1,0,1,0,0,2,1,0,1,1,1,1,0,0,0
178,0,0,0,0,1,2,0,0,2,3,1,1,0,1,0,0,0,0,0,1,2,2,0,2,1,1,2,0,2,0,2,1,0,0,0,0,1,1,1,2,1,0,0,2,2,0,1,1,0,0,2,1,1,0,2,0,1,0,0,0,1,0,1,1,1,0,0,0,0,0,0,1,0,1,2,0,0,1,0,0,1,0,0,0,0,0,0,0,0,1,0,0,1,1,0,0,2,1,0,0,1,4,1,0,0,1,0,3,0,0,2,1,0,1,0,0,2,2,0,0,1,0,0,0,0,2,0,0,0,1,0,2,1,0,0,0,1,0,1,1,0,0,0,2,1,1,1,0,1,0,0,0,0,0,1,0,1,1,0,0,0,1,1,0,1,2,0,0,0,1,3,1,0,0,1,1,0,23,1,0,2,1,1,1,0,1,0,3,0,1,0,1,2,0,0,1,2,2,0,1
179,0,1,0,2,5,1,2,1,2,0,0,0,2,1,2,0,0,0,0,0,1,1,0,1,0,1,2,0,1,1,0,1,2,0,2,1,1,2,1,2,1,1,0,1,2,1,2,0,2,2,1,0,1,1,1,1,2,1,1,1,0,0,0,2,1,2,1,0,0,0,0,0,0,1,0,1,1,2,1,0,0,1,0,1,2,0,1,1,1,1,0,0,0,1,2,0,0,0,2,1,2,1,0,1,0,1,0,0,2,2,3,1,2,0,0,0,1,1,0,1,1,1,0,1,1,3,0,1,0,0,0,1,2,2,2,1,1,0,1,1,0,0,0,1,1,0,2,2,3,1,2,0,2,5,0,0,4,0,0,1,3,2,0,1,1,0,0,0,0,1,1,0,1,1,0,0,0,1,29,2,0,0,0,1,0,0,1,1,0,0,0,0,3,1,1,0,1,4,1,0
180,1,2,1,0,2,0,0,1,1,0,0,0,2,2,0,0,1,2,1,0,0,0,1,0,0,1,0,0,0,1,0,0,0,0,1,0,2,0,0,1,2,0,0,0,0,1,1,1,4,1,1,0,0,0,1,0,2,0,0,0,0,0,1,1,0,0,1,0,0,2,1,2,1,0,1,0,1,2,2,1,1,2,1,2,1,0,0,0,0,0,0,0,2,1,0,1,1,2,1,0,0,0,1,2,2,0,0,1,5,0,3,1,2,0,2,1,0,0,0,1,1,0,0,0,0,0,0,0,0,2,1,0,0,0,1,1,0,2,0,3,0,0,0,0,0,3,0,0,1,1,1,1,2,0,0,0,1,2,1,0,0,1,0,1,1,1,1,0,1,1,0,1,0,2,1,1,1,0,2,25,3,1,0,0,0,1,2,1,2,1,0,1,0,0,2,0,3,1,0,0
181,0,0,2,0,1,1,0,1,1,1,0,1,4,0,0,1,1,0,1,0,1,0,1,1,2,0,0,3,1,2,0,0,0,1,0,2,0,0,1,3,1,2,0,2,0,3,1,0,3,2,2,1,0,2,1,2,1,0,1,0,0,0,0,1,0,0,1,0,0,0,2,2,0,1,4,2,2,2,1,0,1,2,0,0,1,0,1,0,1,2,0,2,2,0,5,2,1,0,1,1,0,1,3,3,0,1,1,3,0,2,3,0,2,1,0,1,0,1,2,1,0,2,2,1,0,1,2,0,0,1,2,1,2,0,0,2,0,1,4,0,0,0,0,0,2,0,0,0,1,3,2,0,0,0,1,1,2,1,1,1,1,1,2,0,2,0,0,2,2,1,2,2,2,0,1,0,1,2,0,3,39,2,1,0,2,1,1,1,0,1,2,0,0,0,1,0,1,2,1,1
182,0,0,0,1,0,0,0,0,0,0,0,0,1,0,0,0,0,0,0,1,0,0,0,0,0,0,2,1,1,1,0,0,0,2,0,2,0,1,0,0,0,0,0,0,1,0,0,0,1,1,2,1,0,2,0,1,2,0,0,1,3,2,0,0,1,0,0,0,2,0,1,0,0,1,1,0,0,1,1,1,0,1,0,1,1,1,2,3,1,1,0,0,0,0,2,1,1,1,0,1,1,2,2,1,2,1,0,0,0,0,1,0,0,0,2,0,1,1,0,1,0,0,0,0,1,0,1,0,1,0,1,0,0,1,0,1,1,2,0,0,0,0,0,2,0,2,1,0,1,0,0,0,0,1,1,1,0,2,0,0,1,1,0,1,2,1,1,0,1,1,0,1,0,1,2,0,0,1,0,1,2,24,0,0,2,0,0,0,1,2,2,2,1,1,1,1,0,0,0,2
183,0,0,1,0,0,0,0,0,0,2,2,0,0,1,1,0,1,0,0,0,1,1,1,0,1,2,0,0,1,0,0,0,0,1,2,2,0,0,1,0,0,0,0,0,0,0,1,0,0,1,0,1,1,1,0,1,0,0,1,0,0,0,0,0,0,0,1,0,1,0,0,1,0,0,0,2,1,1,2,1,1,0,0,0,0,2,0,0,0,1,1,0,1,0,0,1,1,0,1,1,1,0,0,2,0,0,2,1,0,0,0,0,0,0,0,0,0,0,1,1,0,0,1,1,1,0,1,1,1,0,0,0,1,0,0,0,1,0,2,1,1,1,1,0,0,0,0,0,1,0,0,0,0,0,1,0,0,1,0,0,1,2,0,0,0,0,0,1,0,0,0,0,1,0,0,0,0,1,0,0,1,0,19,0,0,1,1,0,0,0,1,0,0,0,1,1,0,0,0,0
184,0,0,4,1,2,0,2,0,1,1,2,0,3,0,3,3,2,0,0,2,1,1,0,1,0,0,2,2,0,1,1,0,1,1,2,0,2,0,1,0,1,2,0,0,0,0,1,0,0,0,0,0,1,0,1,1,0,0,2,0,0,0,0,2,2,0,0,0,1,0,1,2,1,0,1,2,1,0,0,0,0,2,1,1,0,1,0,1,0,0,0,0,0,0,1,3,0,2,1,2,2,0,1,0,0,1,1,1,1,1,0,1,3,1,4,2,0,2,1,1,1,0,0,0,0,0,0,2,4,1,0,0,1,0,1,0,1,0,1,0,2,1,0,0,1,2,0,1,2,0,1,1,1,1,1,0,4,1,0,0,1,2,0,1,1,3,0,2,1,0,1,2,0,0,1,0,1,1,1,0,0,0,0,29,0,0,0,1,1,2,1,0,1,1,0,3,1,2,1,0
185,0,1,0,0,5,0,1,1,1,1,0,2,2,1,0,0,1,0,1,0,1,0,0,0,1,0,1,1,0,1,1,1,2,0,0,1,1,1,1,1,0,1,0,0,1,1,1,0,0,1,0,1,1,1,0,1,1,0,1,1,1,0,0,2,3,0,0,1,1,1,1,2,0,0,1,1,1,2,0,0,1,0,1,0,1,1,0,0,0,1,0,0,1,0,0,0,2,0,1,2,1,2,2,0,0,0,3,1,1,1,2,0,0,0,0,1,0,0,0,0,0,0,3,1,2,0,2,2,1,0,1,0,3,0,0,1,0,0,0,2,0,2,1,1,1,2,1,0,3,1,2,0,1,0,2,2,1,2,1,0,2,1,0,1,4,0,2,0,2,1,2,0,1,0,0,0,0,0,0,0,2,2,0,0,30,1,0,0,2,1,0,0,0,0,2,2,1,0,1,0
186,0,0,0,0,0,1,1,0,1,1,0,1,1,1,0,0,0,0,1,0,1,1,0,0,0,0,1,2,1,0,1,0,0,0,0,0,1,0,1,0,0,1,0,0,2,0,1,0,2,1,0,0,1,0,0,0,1,0,0,0,3,0,1,0,0,0,0,1,0,1,0,1,0,1,2,3,0,1,0,0,3,0,0,1,0,1,1,0,1,0,0,0,0,1,0,0,0,0,0,0,0,1,0,0,1,1,1,2,0,0,1,1,0,1,1,0,0,0,0,2,1,1,0,0,0,0,0,0,0,1,0,1,0,0,0,1,0,1,0,1,0,0,0,1,0,0,1,1,1,1,1,1,0,1,0,0,0,1,2,1,0,0,0,0,1,0,0,2,0,1,0,0,0,0,1,0,1,1,0,1,1,0,1,0,1,16,0,0,0,0,0,0,0,0,0,0,0,1,0,0
187,2,1,2,2,0,1,1,0,1,1,0,1,3,1,0,2,1,1,0,2,0,0,1,0,2,1,0,1,1,0,0,0,0,1,1,1,0,0,3,0,1,0,0,0,0,3,2,0,0,1,0,2,1,0,0,3,0,1,0,2,0,0,1,0,0,0,0,2,1,0,0,0,4,1,1,1,3,0,0,0,0,2,1,0,1,2,0,1,1,0,1,0,1,3,1,0,1,1,0,2,1,0,0,0,3,0,1,2,0,2,2,0,0,1,2,0,1,1,0,0,2,2,0,0,2,0,2,2,0,0,0,1,1,0,0,2,1,2,0,1,1,2,1,1,3,0,0,1,1,1,0,1,0,1,1,2,0,0,2,1,0,0,0,0,1,2,3,0,0,0,2,1,1,1,1,3,0,0,1,2,1,0,1,0,0,0,33,1,1,0,1,0,0,1,0,1,1,2,0,2
188,2,0,2,0,1,1,1,1,1,1,1,1,0,0,0,0,2,0,0,2,0,2,0,0,2,1,1,1,2,1,1,2,0,0,1,0,6,3,2,3,0,0,0,1,1,1,1,1,2,1,0,1,2,1,1,1,0,0,0,0,0,1,1,3,2,0,0,1,3,0,1,1,2,0,0,2,1,0,0,0,0,0,2,2,1,0,1,0,1,2,1,2,0,4,0,0,0,0,1,1,5,3,1,1,1,1,4,2,0,0,0,3,1,0,1,3,1,2,1,0,2,0,3,2,1,0,0,1,0,0,2,1,2,0,0,0,1,1,1,0,2,1,0,1,0,0,0,0,1,1,1,0,1,3,1,1,1,1,2,0,0,1,0,0,1,1,0,0,3,3,3,1,1,0,0,1,1,3,1,1,1,0,0,1,0,0,1,30,0,1,1,0,1,0,0,1,1,2,0,0
189,1,0,0,0,1,2,0,0,0,0,1,0,0,0,0,1,3,0,1,1,1,0,2,0,0,0,0,1,1,0,0,0,0,3,1,1,1,1,0,0,0,0,1,1,0,1,1,1,0,0,2,0,1,0,0,0,0,0,1,0,1,1,0,0,0,0,1,2,0,1,1,0,2,0,1,0,0,0,3,1,0,0,1,0,0,2,0,1,1,0,1,1,0,4,1,0,0,1,1,0,0,0,2,0,1,0,1,1,0,0,0,0,1,0,0,1,0,1,3,0,0,0,2,1,0,1,0,2,0,1,0,2,1,1,1,0,0,0,1,2,1,0,1,1,1,2,0,0,1,0,0,0,0,0,0,0,0,1,1,1,1,0,0,1,0,1,3,1,0,0,1,0,0,1,0,0,0,0,0,2,0,1,0,1,2,0,1,0,24,0,1,0,0,1,1,1,1,1,0,0
190,0,0,1,2,2,0,3,0,0,0,0,0,1,2,0,1,4,0,0,1,3,1,1,0,2,1,3,1,0,1,1,1,0,0,0,1,1,1,1,1,0,0,0,0,0,1,0,1,0,0,0,0,0,0,0,1,0,2,1,2,1,1,1,1,0,0,0,0,1,0,1,1,2,0,0,2,0,1,0,0,0,1,0,0,0,1,3,2,0,1,0,1,1,0,0,2,0,2,0,1,0,2,0,0,1,0,2,2,0,1,1,2,0,0,0,1,0,1,4,1,0,0,1,0,2,0,1,1,1,1,1,2,1,1,0,1,0,1,0,1,0,0,0,0,0,1,2,0,0,0,0,0,0,1,0,1,2,0,2,0,0,0,0,0,2,2,1,1,0,1,1,1,0,1,0,1,0,1,0,1,1,2,0,2,1,0,0,1,0,27,0,3,0,0,0,0,0,1,0,0
191,0,1,3,1,0,1,0,0,0,1,1,2,0,0,0,0,1,1,0,0,0,1,0,1,2,1,1,2,1,0,0,2,2,2,1,1,0,1,1,0,2,0,3,2,1,2,0,0,0,1,3,1,0,2,1,0,1,3,0,3,0,0,0,0,1,0,0,4,1,1,1,2,0,2,0,1,2,0,0,1,3,1,0,2,2,0,1,2,1,1,1,0,0,2,2,0,0,0,1,0,0,2,2,1,2,1,1,3,0,1,0,0,2,3,0,1,0,2,1,1,0,0,1,2,0,0,1,0,1,0,0,1,1,1,0,2,1,0,0,2,1,1,2,2,3,4,1,0,0,1,0,0,0,0,1,1,0,2,0,0,0,1,0,2,0,0,1,0,1,1,3,0,0,2,1,2,2,0,0,0,2,2,1,1,0,0,1,1,1,0,30,2,1,0,0,0,0,1,1,3
192,2,1,1,0,0,0,1,1,0,0,1,2,0,1,1,1,0,0,1,0,3,0,2,0,1,1,1,0,0,1,0,0,2,0,0,1,1,1,0,1,2,0,0,0,2,0,0,0,0,0,0,0,1,0,1,0,2,3,0,1,0,1,1,0,3,1,0,1,0,0,0,0,0,2,1,0,0,1,1,4,2,0,0,0,2,0,0,1,1,0,0,2,1,1,0,0,0,0,3,0,0,1,0,1,0,2,0,0,1,0,2,0,2,0,0,1,1,0,2,1,0,2,0,0,2,0,2,2,2,1,0,0,0,0,1,2,0,2,1,0,0,1,3,0,3,2,1,0,0,0,1,4,0,1,1,1,0,0,2,0,0,0,1,1,0,4,0,0,0,0,1,0,1,3,1,0,1,1,0,1,0,2,0,0,0,0,0,0,0,3,2,29,0,0,3,1,0,1,1,1
193,0,0,0,0,0,1,0,0,0,0,1,0,0,0,1,1,1,2,0,0,0,1,0,1,0,1,1,2,1,0,1,1,0,1,0,0,1,0,1,0,0,0,1,2,1,0,0,1,1,0,1,2,3,0,1,2,0,1,1,1,0,0,0,1,0,2,0,1,0,2,0,0,0,2,0,1,0,1,1,2,0,0,1,0,1,0,0,0,1,0,1,1,0,0,1,0,1,0,0,0,1,1,0,0,0,1,0,0,0,0,0,0,0,1,0,1,0,1,1,0,1,0,0,0,0,0,3,2,1,0,0,0,0,0,0,0,1,1,0,0,1,0,1,3,2,0,0,0,0,1,0,0,0,1,0,1,1,0,0,0,1,1,0,2,1,0,0,1,0,1,1,0,1,1,1,0,0,2,3,0,0,1,0,1,0,0,0,1,0,0,1,0,23,1,1,0,1,2,2,2
194,0,0,1,0,0,0,1,0,0,1,1,0,0,2,0,0,0,0,0,1,1,1,1,0,1,1,1,0,0,0,2,0,1,0,1,0,0,0,1,2,1,1,2,1,0,0,1,0,0,0,1,0,1,0,1,0,0,1,1,0,0,2,0,1,1,0,1,3,1,0,0,1,0,2,1,1,1,1,0,0,2,0,2,0,0,2,1,1,0,0,0,0,0,0,1,1,0,1,0,1,0,0,1,0,1,0,0,1,1,0,1,0,1,0,1,1,2,1,2,0,1,0,2,0,1,0,0,0,1,1,0,0,0,1,2,0,0,0,1,2,1,0,2,2,0,0,0,0,0,0,1,0,2,0,1,0,0,1,0,0,0,2,1,0,0,1,0,0,0,0,1,1,0,1,3,1,1,0,1,0,0,1,0,1,0,0,1,0,1,0,0,0,1,22,1,0,1,0,1,0
195,1,0,0,0,1,0,0,1,0,0,0,0,1,0,0,0,1,1,2,1,0,0,2,1,0,2,1,0,0,0,0,0,0,1,1,0,0,0,0,2,0,2,1,0,0,0,0,0,0,1,0,0,0,3,1,3,2,0,2,2,1,1,2,0,1,3,1,1,0,1,2,1,0,0,0,1,0,1,2,0,0,0,0,0,1,1,1,0,0,1,0,0,0,0,1,0,0,1,0,0,1,0,1,1,1,0,4,1,1,0,3,1,1,0,0,0,2,1,3,1,3,2,1,0,1,0,1,0,2,2,1,0,0,0,0,2,0,2,1,0,1,2,4,1,2,0,2,0,0,1,2,0,0,1,3,0,0,1,0,2,0,0,0,1,1,1,1,0,1,0,1,1,1,2,1,0,1,0,1,2,1,1,1,0,2,0,0,0,1,0,0,3,1,1,27,1,2,0,0,0
196,2,0,0,1,0,0,0,0,1,1,1,1,3,3,3,0,1,1,1,0,0,0,1,1,0,3,0,1,0,1,0,1,2,0,1,1,1,0,2,0,0,0,2,0,1,0,2,0,1,2,0,1,2,1,1,1,1,2,0,1,1,0,0,0,3,0,2,0,0,0,2,0,0,1,1,1,1,0,1,0,0,0,2,0,0,1,0,1,2,1,0,0,1,2,0,0,0,0,0,2,0,1,0,1,2,0,0,0,0,1,1,0,0,0,1,1,1,0,2,0,1,1,1,1,2,0,0,0,1,0,1,1,1,0,2,0,0,0,1,2,0,2,3,1,0,0,0,0,1,0,0,1,2,2,1,0,2,2,0,1,1,0,2,3,2,0,0,0,1,0,1,2,0,0,1,1,1,1,0,0,0,1,1,3,2,0,1,1,1,0,0,1,0,0,1,30,1,2,1,0
197,0,2,1,1,1,2,3,3,4,1,1,1,2,3,0,2,0,0,1,3,1,2,3,1,0,2,1,0,0,0,1,1,0,1,0,0,0,0,2,0,2,0,2,1,1,0,0,1,0,1,2,1,0,1,1,2,1,1,2,0,1,2,1,0,0,1,0,0,0,2,0,1,1,0,0,0,0,0,3,1,0,0,2,0,1,3,0,0,0,0,0,1,1,2,1,0,1,0,1,3,2,3,0,0,1,2,1,1,2,1,0,0,2,0,1,0,0,0,1,3,0,1,0,0,0,2,0,0,2,0,1,0,0,1,2,2,3,1,2,2,1,1,0,2,1,0,1,0,0,1,1,0,0,0,1,0,1,1,2,2,0,1,1,0,0,0,3,0,2,1,0,1,0,0,2,2,1,2,1,3,1,0,0,1,1,0,1,1,1,0,0,0,1,1,2,1,33,2,0,0
198,2,1,1,3,1,1,2,0,0,1,2,1,4,1,6,2,0,1,0,2,0,1,3,0,2,3,1,1,2,2,0,1,0,1,1,1,3,1,0,1,0,2,0,2,0,0,1,2,0,2,1,0,2,1,0,1,0,2,0,3,0,1,0,1,3,1,0,1,0,1,1,1,1,0,2,2,0,0,2,2,2,0,0,1,0,2,2,0,1,5,0,2,0,0,1,0,0,0,1,0,2,2,1,2,1,1,1,3,0,1,1,3,0,0,2,0,1,2,2,0,1,0,1,2,3,2,0,0,1,0,1,2,3,1,2,2,2,1,3,0,1,1,0,1,1,1,0,0,0,1,3,0,2,1,2,2,2,1,0,0,2,1,1,2,1,0,1,2,0,2,2,1,1,0,0,2,0,2,4,1,2,0,0,2,0,1,2,2,1,1,1,1,2,0,0,2,2,40,2,0
199,0,1,0,0,1,0,1,0,0,0,0,1,0,0,2,1,0,1,1,1,1,0,0,0,0,0,0,1,0,0,0,1,0,0,0,0,1,0,1,0,2,0,0,3,0,0,1,0,0,0,0,1,0,1,0,0,0,1,1,1,0,0,0,0,1,0,1,0,0,1,0,1,0,0,1,1,0,1,0,0,0,0,1,0,1,2,0,1,0,0,0,0,0,0,0,0,0,0,1,0,0,0,0,0,0,0,0,0,1,0,0,0,1,0,0,1,2,0,0,0,0,0,2,1,0,0,1,0,1,0,1,0,0,1,1,0,0,0,0,1,1,0,0,4,1,0,1,0,1,1,0,0,0,0,2,0,2,0,1,0,0,0,1,0,0,0,0,1,0,1,1,0,0,0,1,0,0,0,1,0,1,0,0,1,1,0,0,0,0,0,1,1,2,1,0,1,0,2,15,0
200,0,1,0,1,0,0,0,0,0,0,0,1,1,1,0,2,0,1,0,2,0,1,2,0,1,1,1,1,1,1,0,0,1,0,0,1,0,0,0,0,2,0,2,0,2,1,0,0,0,0,3,3,1,0,0,2,1,0,2,0,1,1,1,0,1,0,1,0,0,0,0,0,0,1,0,3,2,0,0,0,1,0,2,0,0,0,0,0,0,0,0,0,0,0,0,1,0,1,0,1,0,2,2,1,2,0,1,1,0,1,1,0,1,2,2,0,0,1,1,1,0,0,0,0,0,1,0,2,0,1,0,1,0,0,0,2,0,1,0,0,0,0,1,0,0,1,0,1,0,0,0,0,0,1,0,1,0,2,0,0,1,1,0,0,0,1,0,0,0,2,1,1,2,1,0,0,0,1,0,0,1,2,0,0,0,0,2,0,0,0,3,1,2,0,0,0,0,0,0,20
